582.8227012953943 5.509415656237708 4.993191461511335 8.255250250708123 2.639145166094835 9.65455293636446 3.2845045576549468 5.810875299642763 8.438106959309536 4.643447742442481 1.0297792555226084 3.0591144844469644 9.64307095006259 9.23187573653178 6.572859623675166 7.581453158540615 2.027400541909979 1.5242715413039198 6.772484633949607 5.614918608593769 5.6821526315486075 4.4698629750324645 1.8931234444331375 3.2771859404395065 3.0497906494658302 5.800756267973761 3.532998346431519 6.069183590125303 7.963982143926205 9.414354893491238 9.47271926271532 7.033392669408751 1.3260430084571442 5.821443985146502 2.461428363426979 9.027207175978049 3.952157253717709 3.816413425259099 1.740411804804979 9.815751047127327 7.34563036589183 4.673116988088005 7.278456612268507 9.530595933131645 9.249438040249284 4.768907253346394 9.26751326100237 8.202148477299225 9.280759042209581 9.464832519174252 4.763612169496506 9.133232256503858 4.786768775055153 1.1074164174586216 9.908660174641396 2.1009177527154126 6.309054609621449 9.77891224791935 4.853626194353508 5.7870259335168415 4.96213673770616 5.776916240284614 2.4226375812758967 9.941440495396911 6.238600651051538 5.519788177429496 3.1057125154231406 1.0150531012686226 6.372442750434288 9.12996136287489 3.793718575637344 6.564518980797811 1.9935116818928469 7.25114859592543 7.96654223431763 1.7720602153190796 3.1039449239305656 3.9989167528809464 5.540338818244011 6.777994786478174 7.288961465572007 5.017821203504508 6.7839290566915125 4.9956736176630105 8.452988907963631 9.751835848540315 2.389369608636017 3.9662833805261783 9.964956607791926 4.420081653108859 9.385641112227008 9.980529003245811 5.553419341566599 9.037465000825184 5.949598781841054 1.3047664070598017 5.624328857509759 1.6448188747889523 9.628153522056783 7.163831179076855
3.7991882917900854 552.105052644536 8.756659603712095 5.156222385043419 3.405936306431154 4.858025317093037 2.9359054234753406 1.0731993779470197 9.922568478640496 7.897741294829492 2.7255086557069252 9.90444724916195 5.025466500085582 5.3481215555761095 7.584378268403093 6.73121743310214 1.9030491332466337 9.939364329048923 7.980919972891073 6.9142524408261155 8.963283742449073 6.143214683965153 3.3819848414788973 6.761977528900397 4.593429575458954 2.2531071395601447 5.804671278601765 6.389607035187085 2.344369866443534 2.9198232304878236 9.786289130279327 8.44799498028689 9.923195694338572 1.697940381531747 4.206538475367987 1.7172250369889983 7.123587756054924 9.701822989431603 6.254362669668693 4.381866061028139 7.137711658923649 9.60505798198198 6.944654786972594 1.8596965553091591 8.267137581002846 5.653179316436347 8.218797973070119 2.7005761116849056 4.983618077944844 9.97227056671571 5.245694023342816 2.857150179312374 2.0235631326226065 8.509245370020679 9.29639442970036 7.054113802221001 5.2790998321069456 3.847011273219942 4.875536710306147 1.6900683124374527 7.688637147080056 1.9717810368864352 5.849842190584596 2.208113797009106 7.598002158641329 4.089819974666324 1.303152501744757 5.617525044619644 6.92641310492545 2.029595068105022 3.2191615314929525 5.071289370389931 3.5212489968000513 3.993630145789715 3.1578069670536477 1.9717769320832488 4.654876058877107 3.3009621535536136 8.06092421093346 4.2593139653662355 5.359576807796682 2.390818062600658 9.472458839438183 3.748009166790029 4.9229643919588835 8.097624632182992 1.3429479654410383 7.72790599146512 2.5585851407976823 7.81411126215021 5.735727076720061 5.45484669360209 8.77747730228597 9.55920196416234 8.15885161314408 8.289508900077962 7.146208945153683 7.358076868973926 6.514981405830573 2.1325312474290743
5.204706753478256 2.5762946719174606 541.6903313966019 2.363090554825 5.2135898262899705 5.808164484277969 7.994217211876845 4.151813212667731 4.1301396989497015 4.495369550433751 4.429704848136331 1.8083740897981821 9.766193478708932 1.1504255437542827 8.008282661694398 5.160779606067625 3.7713811652692866 5.233711366777189 6.068126843818695 9.066046537913989 2.4598785708344906 7.508169472071622 6.891047299616177 9.794654796686187 6.322316705170298 3.7164241094773245 4.278031042166157 9.876982242934405 8.841842313302331 1.3977529243404676 3.2103565172660797 5.999471567879214 6.776445732069205 9.996889834005422 5.231037801170605 6.416784223157144 6.773530655699423 2.2241076927095493 8.681410269282317 1.4233682047529108 5.717687315552857 9.05522132936883 1.1307223671186812 2.433365502816724 4.969435540926414 8.784807423804764 5.623850600061126 2.6493315106991155 9.775564369524387 2.997692647292433 7.078316102246725 3.761019835101777 8.59436973086111 2.6908805377804894 8.28674874252594 1.3103052406133218 6.490356671514178 3.747317110205608 4.675924373068943 1.7025808636813458 2.200335271046706 9.747996974327888 8.275771381422938 8.505027239890854 3.1167988071537467 9.244133893856858 6.345611521122438 3.410655580122773 1.8559954873553095 2.236474736387713 3.8940372879108085 4.906093794495584 4.264040320988366 9.406346386078019 8.635527668029107 7.364988336145062 6.005837344652502 4.77032892685059 5.637654947786653 2.6898958957789416 9.519468923669015 3.331622955336325 5.259134649285915 7.079340643842623 6.06095529002941 7.41710586429431 9.198446429802992 5.330508755919685 1.3873378828042149 3.172796628336112 9.058183205653503 1.4100399951309344 1.6205360714892767 4.91046231569227 6.34620768786673 6.9498228030248965 9.731680076894396 1.5779089844345124 6.175234579155343 5.734173680793235
5.73182029199399 4.722482307006087 9.178452533776307 557.1570956314738 4.124962777535405 6.896588368377706 2.361896408858506 1.4235125355077325 1.7280884433252757 2.784833784072213 6.205831007042338 5.840105858750789 9.115759337985141 6.974298701245755 3.5457442918408506 5.1213608043336745 4.294063763552786 6.211797524427158 7.531392316316049 5.5075864091508455 4.978037523665432 7.456110646745351 4.932660632176349 5.335577113626772 8.262590418207415 7.360018916797277 1.2044979190745568 3.252145507963806 5.9799335931178295 3.762362607517521 6.386593500779083 3.2566870182856933 3.444282590476503 1.5530176303777155 7.529100465086884 4.6373981493712435 1.1422491279097267 7.816806156427738 6.5803127456987855 4.784989915602614 3.0822452257932462 7.115125556221477 2.7666612100404517 8.198545064752842 3.8690583597527946 5.83283770330098 4.139265681303106 4.984856711935757 9.025471906775373 5.2473027223216056 6.560078763301375 9.473369076329803 5.861277792269684 8.87902448786423 3.1345863440024884 5.31878529487106 2.185591095263387 9.87205904093614 7.359628375060826 8.860071387385393 7.368614654835406 8.198408789331102 8.109315142572026 1.8839287735829786 7.403992659651307 2.3124747464735873 2.4747451485009124 6.157707087732193 4.494694389860752 3.474530652925168 7.610218631979451 6.807807249978001 7.274902900496432 9.536754482926279 6.737660319251367 8.534130821576305 1.1863945243986758 4.363078038622941 8.87376340791495 7.059906147064835 3.165529719087207 6.04146291440741 5.183242625688868 9.548031966658506 3.0104209536213182 9.496572580978109 8.405046514785852 6.914711839823344 3.7956367511183027 2.2857261199061867 2.8792098267880144 6.563669880979875 9.402178936320446 7.332215049976939 8.480566355341228 3.612097538247675 2.196916232764348 6.516160631127818 4.227107562183985 3.380118099368193
6.7167172518886975 7.988955426747463 4.249231705008412 3.8315160981702316 559.4696186155277 5.270970401482933 8.625310000957652 1.0368290855478934 8.955588917021739 2.3549433055960054 5.774988813432249 7.948454370332674 7.457681474452772 6.1670143259190775 7.653246472238224 3.9650340807943056 9.306241142841552 4.958059032086443 8.702812660638907 9.714644157613193 8.999780376803244 7.561865033703361 3.237265436919998 2.4627163442638915 9.18202156411832 4.392161027254533 7.113540468297428 9.817449671015936 1.2325711653811164 6.08903335079778 7.89522561396387 7.6097419698654125 4.062852287441951 6.095460404276535 6.136293961411188 2.870015712049435 3.452380196172546 4.979701068295222 3.626376016257663 1.6856897629182086 7.234875916145714 2.014152536422446 3.731599785661075 1.5308581876870258 7.908752670926299 8.592597051957775 3.89789160781971 5.09672358445469 3.354222937730956 5.993279461308064 4.6283565695004985 2.421347361465374 1.8165446730603982 9.943041290628003 4.819586142100936 9.06630627320026 6.952620182569717 6.002707448088023 1.6714600635288175 5.819137418065923 5.212314771072794 2.181747707873243 3.4710889495812896 9.5696289961549 7.2802452585043085 7.779718391364624 1.8581527863433775 9.487618763973037 3.7145151915885037 8.690451650759648 3.5892524437467013 6.211839322899769 5.820703315270736 8.643327324755933 1.1860209333302616 2.9290708349180354 7.587512483754233 1.188172415589829 3.867493659965665 5.260533818857454 9.159086755008303 9.726789655179136 9.389875656513249 2.226714934965613 9.992573338348652 8.570978049747383 4.880090477776763 3.681493553225372 2.579140006330067 8.730464126258276 5.387720008516144 6.711693361459279 5.188752185878575 6.243044676930234 6.070936634193066 1.6982738224509109 9.966802719120416 2.738219020971853 3.1861417807160697 2.6616131100468734
4.3479412251837495 6.525454880544925 6.913145615775143 2.401396762652447 5.803634362497479 566.2492838796619 8.82993963536838 3.423617764083755 9.487097891769295 9.719904191957554 8.578779531262335 8.949303676012264 4.909405508336111 4.141353034366793 9.454025214774939 6.697686758952726 2.6662856425634613 4.037463502841646 7.015077897006305 3.0391884834249323 9.552926894406566 8.363103632831855 5.630080467175574 2.8081962831415854 2.0719566574260058 2.650981147652369 4.430337612951468 6.258654849233552 4.624914849012741 6.563977705877335 7.123396483596347 4.975499282997847 1.9936001525954938 5.723117164514418 3.4536138763694293 5.5621117198785255 3.257848236456625 5.0430578269572255 4.947362402831 9.724067462111881 7.94476520341573 9.167691468684115 8.46776826149944 1.841748747321203 6.8388500067437805 4.682105848437414 4.412360665917102 2.714601020422813 1.6926460901083549 7.444344757628592 3.875644294235623 6.386016253887063 4.888791070197666 9.792131329883306 2.7097197797788466 7.334123567473843 8.361701050848229 2.5797975755617797 1.0972627836986324 8.623111903070324 4.260227032291845 2.4558534164931425 9.239542977362735 7.323172112285191 8.586770536086435 4.76162743444395 9.909056682359262 7.103156739939002 4.81724908770614 1.9920281137734273 5.027914097649461 9.07592486819653 7.063633962878306 1.85760259405318 5.564162077231518 1.056694798379774 8.804415257070449 1.9868671555401287 1.6357117920802051 1.0619611623561385 7.840714859368666 6.749900128783483 5.158555189846951 7.836601829296268 5.712446227969262 9.471287573106464 4.671090025453048 6.802559240470433 8.028067877773257 3.480742427114934 4.985425982592394 5.549325228120606 9.556427357642123 4.128015007300039 7.632688090088692 9.724942873308878 8.387890899569996 1.8651691912539272 3.1269930205215823 6.601676279080512
3.49918702133047 3.6866904259750735 6.124224155405265 4.7537465296669765 2.3537712169964355 4.562711715719938 524.5597311411709 9.53110913432864 2.806365141271451 5.613675820519247 6.31153431043313 1.891983983791404 5.6788758543007205 5.302879734165864 1.0803940188241106 4.757799111444694 2.347892951527028 3.9446755246445044 8.146985425992444 2.9203555891014155 9.396278497873064 4.121313983149487 3.8374734056754622 9.601905012430993 6.6580059812861245 5.485535805695172 4.94865344372834 5.8336711589781505 4.763710497292365 9.891732223297003 6.823320936606773 6.014557325607862 6.015207098112778 2.3296284343701616 2.93643783667501 7.540178574856904 6.920942970890276 3.136018646750699 3.7300702853420584 8.42318273283456 5.822961051201562 2.356454802839721 9.926964285098654 9.668583653421722 9.194455177028509 5.946163629757054 3.862882337227209 9.804384737947938 5.961574920548041 6.924004424670742 1.624579480541263 5.3454806441724285 9.329836194178338 6.601582696878074 7.014261680280019 8.540498053754913 5.206552067301377 1.6277002169314203 3.67465824084479 3.4731128608704793 5.796606668286182 8.146121498538431 3.7894061395692984 2.962533660926586 1.5954445375535529 8.084779547685194 1.680005043084709 4.839985012370125 8.072437714599495 5.23756405185938 2.7370576181210877 6.032243982488513 1.6247367461843572 2.45232269026694 4.614673245160489 8.506410679227587 9.440926227653538 3.612863566040036 4.514217389471028 6.449404464215766 6.6307578390256 4.024455416951489 8.543423307803193 9.150742009582187 4.187507999109898 5.65449968136468 8.805005354399634 1.3165385838936783 7.2045450594930225 2.639354660725522 5.5358841455715675 1.7050212388983703 7.476038033501193 1.7415690960031007 5.772980060102359 7.481584803470221 1.787007156009412 2.766589489299309 3.521177656675082 1.3488746530910398
6.011071499143807 8.870032893929228 7.302266111609003 2.5468182288582346 6.213628022956944 7.444033711859635 7.371182878999777 530.6337597660514 1.3184329124590826 8.764952930163457 9.273000066965546 5.788775862897674 2.248358919833905 1.100687659131549 3.9844133321954236 1.9285530307392436 3.722681781657098 7.199848738151158 4.6650676565153315 8.542272641054682 7.1594475210517725 1.3326223333373002 1.9355612925843206 7.273232403990115 5.427301271091829 8.141158287100861 1.8641777321274473 1.4420910759989156 7.581694969790627 8.696900659254549 1.4063524903322606 1.394685445396998 7.672234674973449 1.7731253565264904 2.8816426576752536 2.7162569406913724 7.574108862573628 7.81232456634333 1.018562012325266 1.7649238005745802 6.6898545120754696 4.395914550264781 2.5677475165320547 9.365712150807493 4.8212328906088775 6.92216463839981 1.4037359469487665 4.554914943306141 1.0280022010864558 9.067482470516639 9.623474306809223 5.223192256869315 8.845898480599043 5.991431353728044 7.235116538056174 6.8457920359543705 9.886626388914836 4.368287317805916 8.76530190743752 5.845369993791629 6.7802587689047 5.420106968582399 4.38730723374657 8.980857332909085 7.042790562776427 2.703083900441438 4.156241601693969 5.038764844977424 4.313024280754021 5.523045753668834 2.432333131187851 6.877344682891736 6.795766659106136 3.8833665367776558 2.1626683440476007 5.338864806191948 9.32148813622071 3.946661931114292 9.507590180380461 4.6373404009160755 3.5994516254354183 8.730503631902351 3.8400586971427177 8.665680144949924 3.354158630615528 3.7975486509120664 4.44877142852885 2.100476597070361 2.116681080292195 5.916051438055309 1.4276043644376848 8.452070601396684 4.75623073530357 7.896473280849636 6.250720060481688 7.560483768685472 5.367662968649461 7.063236673923718 3.9921822460259504 2.8967010158202884
2.9697119787256128 7.725141473194477 2.206561054387138 9.362899771948516 1.9767551945969415 4.232239171799623 1.5812427040977206 4.972758485001862 579.6378902040393 5.611969547697992 8.963694769063588 9.098080485402551 1.554199827311714 2.208010508556654 7.175473196839529 6.470317119383852 5.117797127765045 6.165922495698843 5.510281340748197 4.1338691105205125 7.929749097795579 1.9289637916761098 9.543680811907024 8.731116084021451 5.408979556096727 2.603266871727892 6.240483353694702 9.432302036146117 2.2290336900375247 7.599336324272993 7.540730413964169 8.510817101756789 1.1116542448313425 9.731758445478357 7.826410031132519 9.511927420367334 4.623831228900164 9.909099884727782 9.201942247577703 9.678908205442108 6.713146300132021 5.385375686258342 4.1488106148005555 8.852356513268637 8.373180854131636 1.787681734837581 5.251769386039787 3.454277983850883 2.6320770725961236 9.656932535500081 1.36166378048043 9.764087268164374 6.12461408598008 9.194809360330815 4.759675311895274 1.1723389931679713 2.3631559091979004 8.468779777929614 1.5501033288332777 7.000796280658311 5.087311306917071 3.7698166973237788 5.466999541264523 3.1009299552578184 1.9048707946282928 6.886852482630329 4.854900405157904 5.244152450853356 1.0126597544685298 1.5332477001742695 8.361546751915228 8.181524509001676 3.1373018017773053 6.698099921611668 8.900167492671548 9.028563621910816 3.753284133416338 5.820109283903627 6.5753965299259605 6.739312167469515 3.8218524849379776 8.788735468422875 7.62839241751722 2.7653662297437203 1.9357577801926833 5.567360552174428 2.6984897533392713 8.62833779524084 4.689330651046105 9.13609781621285 8.579969396247886 6.954295298518764 9.043184602917458 5.426780518508299 7.567528179723256 7.035116413357152 7.093372154118044 8.349702416950207 1.7930890334539886 8.206002358661193
8.911823820974394 8.76723234159981 2.1216947674661553 5.858408663632057 9.782912379682477 9.769615687001941 7.966782570669873 3.7506639943022764 7.518798116738804 594.4486326911368 8.258747165475192 4.55837966153955 4.684309880643435 8.816043538190836 9.973859843642657 3.2160228061392893 8.1699972006546 5.69370059489363 7.7751976807823 8.948276547707078 1.1825733027298138 7.508023546747969 6.638482679221284 4.118204395579621 4.827183424967355 8.490477527373397 1.9911703515487638 7.279518289502006 5.286181186546267 8.98334134798819 1.939737596367729 7.439890839114694 5.1255826108089515 1.6540796341095794 8.014781378811433 1.7491078113946446 9.004989978070803 2.8589117025514397 5.233489960013502 3.2349906163290036 8.01700786810617 9.99315417998529 4.134026542599171 6.563580192927157 5.211455035278816 3.884440471898423 2.2289848951430615 4.572813878988504 9.817060685616838 7.0676662761340765 9.629613063663692 2.060853395905851 8.231185820798633 9.33986398259856 1.8351670258762014 8.215554801620147 5.483011158978203 2.014610663036745 1.6881751522287987 5.506591805107162 3.288712885922015 7.682767475869616 4.411906833712978 4.553092457628884 2.5427323403411055 8.638776416884866 2.214099463149924 7.0826689489940255 3.516305249579186 8.794877437502684 2.1903794685224236 7.950405782168877 7.771633897927241 8.145484365971836 8.32241153726822 9.048338018239852 3.414781076321047 7.832469409245774 3.2897277397180007 5.381168668260079 4.192596416582043 1.110491834148105 9.589093551169915 9.291385539162944 9.511413203149305 6.353252846085226 6.1770383128143385 6.955531153400981 6.98312195743797 1.9265588194633554 9.380212724102545 7.20561887293448 9.453629720808294 3.7930038781687103 9.103245784483432 6.764634894867978 1.0831237862522238 6.086880589697204 2.715763642333206 3.660283684101728
8.49308771616688 8.195028910821831 3.3834156906778317 9.210735993027075 3.6291108186862644 7.817275090041595 8.375854471048015 1.8887938586205564 6.548588085427523 5.748138431430008 574.9818468974809 4.770697790110189 1.5550041135635706 2.4803123954617177 6.201040590118752 2.191167173290704 6.653690792959993 8.831862750444348 4.489156524476721 8.748177051165321 9.740186985642627 9.947374975122761 2.9260797129202634 5.914817212849995 9.366964776718307 7.29627103013377 5.607834015084958 9.364211392180433 5.207433565071112 6.410992597202704 4.091925292855107 1.0013604235226838 9.285424893345844 9.36179875468613 2.353783854656721 9.2529571582859 8.014290360821779 9.807606961828093 9.776394722356033 7.0142868063121915 7.219824124662015 5.10789673291252 7.6627558141561645 4.789872181387798 4.014817865221172 7.322805422314894 7.399827260613612 3.317205680691999 2.364430178303291 5.435914092948144 4.630262910490931 9.86852611853861 1.6861500993258043 9.948867974546797 5.6569829614822025 5.0329492356214685 5.807201036630706 9.206368863907457 8.062124375366821 1.509109283374409 2.3699070198853636 5.367298891483411 2.8839936958682286 2.105405191489588 2.8612277321835395 3.3322101427795383 2.7086806174177616 8.56835093999054 9.526883867626765 6.187384701307115 5.273015690631199 3.3143786551091017 4.520437623994994 7.671333178989935 9.581113820895307 6.844139000790153 8.572686946941303 5.2528845455495485 1.669114131967785 9.983380852852687 7.48995898298946 8.815741170423184 2.1527832553786297 5.492892319115145 5.331189733997413 2.969898969922003 6.3491325095189275 3.1466519732854166 8.269319193083676 7.28287018182258 4.170921431972605 2.6110230406234716 1.34300319266903 2.866246680451554 4.625889115735687 4.200684356863541 4.4609874343541716 6.527364096889753 1.5448475441101177 7.421234239716715
9.421860078526272 4.540781474838748 4.93119455095217 6.542990615726409 8.151086521181984 1.7117374215645844 4.967947671535233 5.267524216585919 7.783098194694253 4.691122497865141 3.4813379107194065 559.1262707307001 8.358220791398644 8.520131862162666 1.3130400439978689 8.792833144500927 5.640757183462128 3.407385518844734 4.4906797298546755 1.9327121326928025 2.6252667537095933 9.047960939180832 6.570479123710379 7.501731432721392 9.893621966465993 8.90012165243855 8.718852219579102 1.3330426428526463 1.2976052783642018 6.8741401918421845 4.451422414603183 6.887320624179636 9.83079962905443 4.587154941044239 1.2718336112316928 8.649839468618062 6.824457763933767 9.162446681211463 9.047104518957703 2.270116915699248 4.398829404465876 5.612051319535356 8.910925753252872 8.536342806037657 8.838351954676622 2.0163070942119843 7.896519419514679 2.1331436940961255 5.786013827589053 6.166974607548825 3.6522465088061593 8.163970717923831 4.6941732663646905 5.918009350885828 5.51087532949181 4.920857625556455 6.149811005847955 3.8027967262688134 6.853794545830297 6.349751651454526 8.038361798688493 3.8683325204857004 5.565098183165226 1.9184843763450354 9.956820081643581 1.7279688596039424 4.823020316239222 8.824672833613068 5.566327017368564 8.392346904534236 2.9530126002894574 6.452305868478884 2.2784358892904133 6.2113167675028045 4.990862414850278 4.818783105720884 3.6201796918414093 6.068031734718568 4.077517500714819 1.0696031910696568 5.517330504392202 8.366978211893834 5.594437219126032 1.2869534871371644 7.20914342292167 8.46348625597946 6.77629199992582 2.175658753580945 3.873862011321972 3.3495388717346737 6.998065710776995 8.205440053051106 9.089497162509712 1.9499159693598154 3.4744711182863033 9.845273436956472 1.646141885441796 1.6937891874153062 4.763066453427085 7.194230482809916
7.6523713494868275 2.953202005411738 9.84450007278694 1.8138814906516751 5.463353220055284 9.263710906844903 5.712412959129927 6.306877362024087 2.968560762424805 6.442022315060601 9.137255750558998 8.53954928845233 549.7952983833505 4.288757576858386 9.55489674615641 3.404548055723061 9.409792447469613 5.754289346446325 9.384864222689176 2.508956437879223 7.155342946717351 6.319378620548958 6.506495317728094 2.0288627490397397 1.4575839121564869 2.457374590655279 3.383576526672823 6.466839392103781 5.485447715962107 8.920041075873538 9.78881984387893 7.730777463730416 7.181197009245291 8.560153780583624 1.8835673249815903 6.301918616802851 4.462434337011867 6.976284832865359 4.770119818326667 1.07613486129966 4.32079836696799 2.4901014501973817 8.43456097472038 7.130271285106908 4.093096845843611 6.930192681344894 1.3714402498456186 9.32101819999032 9.309675529077793 1.8663837338821727 2.782884501209023 4.474425955187042 2.5026296819436586 1.1468126246689976 2.940263493794685 3.9858770655539177 6.02121610119641 6.288644819282127 8.482313241830692 4.428082029907576 5.338590581485427 5.576032960745718 8.691089994701283 9.976858940974378 5.955738211414092 2.8246477473477936 7.857942859212088 4.01317239930194 3.6164529376676886 6.637614135329511 1.6559030186999055 8.005510041762761 5.673453643512627 8.601176186222087 3.0407804099497233 5.050620705787716 9.123942752522186 9.546098989188474 9.254701440292644 7.401665331074531 1.6015333342246363 4.208374333088779 2.4256400185712295 8.873529131014255 5.640542574609503 7.769862658476054 8.217041304215025 1.0083977328272287 2.7447368494210194 5.9670566796771185 3.9610785172858005 8.030805436670768 5.504422313275899 6.420813623652756 2.87369482464824 3.9331744889022353 1.3218320735761577 2.9489270605977396 1.7800677813272658 6.4112220030533065
3.450480449945621 2.7197772993106746 5.804109866686209 4.372775849443814 3.9101826112992732 5.761205374128637 4.936847531047098 5.685018051535136 9.091242955223638 3.1661078385773282 4.3371339203109915 4.651412235310062 1.795966026341945 544.5273286067859 4.9260810974209654 4.581712224669619 9.926851063002697 8.550345787643861 6.127201995709475 9.634894927007808 2.9399059964048986 1.3759471418563063 4.980949956973489 8.96597737722026 6.025966666240947 1.750825758190656 2.1681323575097062 7.994836922969838 6.198840763928901 1.2619476027259242 3.835176270681008 3.441860504095641 6.96556252589658 6.053347139250483 1.1224295962019677 5.929601814450167 1.495928354327891 6.332875589781136 3.058832944282168 9.055279913490384 8.863343478351936 2.646609538305761 5.883239370954374 7.80130724149092 3.28444294807877 2.0042064271454336 1.2210693436634823 6.113828322341776 9.739999844310876 7.756020049291755 3.9270079096766093 4.87695421837636 6.263986598693706 9.324961452517144 2.4663209419651957 4.824677424571701 8.016053436446523 3.0983357733449517 7.529306351150561 4.822593401690756 6.21786043013729 8.178021336114588 8.932250893985742 2.491163660207987 8.872874217591972 9.685936912025726 8.575658828364318 5.640574113736848 1.0947570548432508 5.110607128737709 9.989734534471221 1.7346966931385603 6.7798451290759445 9.598619323592812 1.4779870877196002 4.023301648937684 3.0969809680433253 3.246758594954633 7.532711208623458 6.415989935629374 4.878168787699929 4.109651032979043 7.877072391370489 1.9040168613422095 3.2195816933139954 6.673304133408611 3.126936424008412 9.340999082600344 1.4823436224609956 7.827597109412298 8.609449074511035 3.6550261895683143 8.110445701727764 3.106779094755445 6.302687092927955 9.133447650898935 8.027570506059984 9.294375885087273 3.873714281443263 7.625226530080415
6.781418385131253 4.963117387900573 8.83567499141922 5.754379476134748 3.9053091901912103 6.77902335124012 5.159518047438509 4.390727565036325 7.717407064639445 8.408411077647665 7.221447753359247 4.656349356750796 8.502120805003177 7.498594479643098 561.3669123839701 8.880867347039544 4.980892034458575 1.230234427210244 7.061709484071324 5.793982975750421 8.297448659324726 2.2178508891976474 2.8356737322314505 9.656592172158994 2.018627472194974 4.5128430790611755 6.549179136365491 9.9072572363843 6.665495308121359 9.740516579963787 5.80430047117404 2.627399525373547 5.2766925920327035 5.591992394556647 7.865264244494352 9.398309302808293 4.242537043942948 5.557400515518318 1.029841029613526 8.354192339840527 1.4368851803026232 8.426678511683967 3.143328339755037 9.414960010909105 1.7505297103417226 8.510384455562221 3.2291200119794836 4.0137052493676 2.6948161342734163 4.357517073433241 6.5982349974123515 3.808066655469826 1.9816907435304265 3.833296951186227 9.551430192034482 8.839724347800058 5.12518142666063 2.942631777979569 8.124963618573922 5.0772020828389195 7.064938830918745 1.8099724782438547 4.319200423950094 2.505210377186251 6.511002765223854 3.259549560893223 3.723605374474239 5.5895089834558185 5.461131348193467 1.9567903019836572 2.2657049439659303 5.801515302258706 6.851040271214365 6.901976637135185 9.701182687980342 9.801867589049973 2.9612240689783738 6.1384390305888425 2.7219729035149802 4.881888853052872 4.082374041309601 3.0524440356917877 7.039025996467606 6.1540318520484645 5.211107124841067 8.280180104492832 4.5813367121215185 4.403660685425567 8.411668527929859 7.5854782136834356 7.7586884270331336 1.7924194028964489 4.369339354853256 5.581754901196042 5.277081081190997 6.758182431308932 5.266147034047686 6.609142867623514 7.136635447508555 8.527896667803049
3.082497598268987 9.861210863698187 6.004490959722327 6.44530101389721 8.90410885250818 3.64517247087677 3.041596776644919 4.868498990037129 3.02798575216829 6.017732470319311 2.2399913687128308 3.078574336818044 8.109926836307245 8.404583177456082 7.4940079678631015 555.884417660903 4.163415394225 4.704165109789665 6.081283596636279 8.54432814317584 5.436401874472257 9.177280673265926 5.292361880081063 8.636520165921379 6.606340216986044 5.798909820013234 7.539912425084203 5.079648258728813 5.809355515578836 2.7520376832349616 9.651877777650268 3.8413190616259034 2.2721273663467842 7.169014315598146 4.003822148429771 5.886738354151852 4.454822369528333 9.474446602568182 4.596610175419614 4.959657506579532 6.051473175875541 8.382296027012586 2.591068846906669 7.775753344844343 1.143287956680294 2.771354187487102 7.198576679081292 2.0813712261866013 1.970298330495685 9.2630638725544 1.8906949459922695 6.777596251103261 1.1760545531770066 7.362568406428064 6.039900480013607 7.153471585008091 5.474154647482803 5.065222222907494 7.4410878828528375 9.18482094101614 3.507729039601182 5.654761452654013 7.526926214685461 1.118916415821269 1.3149901281064666 8.910134763354696 2.595184342980412 1.9915315799062767 3.9847829958586236 4.076965672976115 9.074756859431426 3.086027438128916 9.665097231990208 9.878579149210315 9.028423776156838 5.875878238578396 3.477891594828553 5.589795519212592 7.719304473076361 5.141784484668177 1.7422859442522312 2.244407054957464 9.616479701744518 9.07192743322792 3.303986412755786 3.2616223067232597 9.19350147511652 7.495720355773798 1.6444283825359736 8.337475324954973 2.947942298888237 9.693424760770396 4.367901290451718 3.195094797763042 6.44522576906221 9.138500147381798 8.968430788127696 1.2650955925311131 3.957033426158065 4.188713526994136
9.696169810128673 8.902735989716593 6.355561410425234 9.155966875291965 6.464282936338684 1.1618208641075185 3.431020415431935 4.605387804959786 6.65620703622583 8.376432238808658 6.511160289954328 1.389634753628977 5.220014998474337 4.845981262802519 1.0529405410795714 4.287776690368332 571.1714513298285 8.918172634935086 8.833336158696879 6.9787513842719475 6.032740216214245 7.993875996335209 4.478679768880371 1.7094292055740912 4.093216995041872 2.9289314243681495 6.326152170474845 4.776732168494785 1.3575599831887208 7.998836987205014 8.844294946909699 7.080841267078566 8.143507038274059 1.97690684091192 4.437595492051562 6.2579716092484325 9.331922446710333 8.578689038204244 4.4205672407367675 1.5781990655625335 9.055470005423524 5.345632658010513 9.160507280103293 6.296697555750133 3.1291403682973002 6.18222918217489 9.809183906945636 8.571703163457002 7.628284486040247 9.61751242920181 5.540189921329021 1.5588276480956416 4.477147731741348 6.652578107156708 2.913159765819053 6.75042470175102 6.027382995174749 6.5447975358042445 7.164245155861354 7.60970555596218 6.063984309366742 4.371855204604739 3.8433445013252605 4.201271393566969 4.9757102330114735 7.027206358684208 7.676808031543775 5.843322333967782 7.246683797223413 1.9540881596747384 3.338531244059393 8.780932234210905 9.908936236951059 2.88690964890784 8.27582966541561 6.332793788721262 2.6379268744221234 6.102504151659697 2.8146626618295474 1.0128848723181474 1.8049263958389998 8.584429229363323 8.323059072593317 5.58440065417543 3.280097748208987 3.5095042893861046 3.87623165304185 2.7772688983450324 9.766109282712918 7.618075746421027 5.623286432927026 1.5570318379003911 8.711261186579527 6.105533918680461 8.467224298851434 5.734295662729937 7.623564455401946 2.0079204153868964 5.722398379907054 5.09308570145238
9.119836308060885 7.032017276845214 1.9557603581886291 7.022341891445055 4.897819921119867 6.504376248994745 6.985336230299379 8.805910171960605 9.35219436514921 2.678904540650812 2.027118124675994 6.792029627860089 1.4001199663259527 3.982689957385338 4.072866407707412 4.29250600139847 7.402740452317744 594.7048042530631 4.145024337257761 5.674256016989007 6.3624019248957 2.3618626450796034 4.501131635650632 2.334312403578802 5.873408918150279 4.9703896546626645 8.52032897677677 5.20765909887091 2.5969070767966524 5.871154263456663 9.29567293791718 7.459024250630165 9.639279733120357 9.021311043499635 3.132786372752425 9.200240397803254 8.894552944880761 2.668483358006844 2.0888932535511247 3.61020048383725 4.580914327344081 5.928356209012763 2.265247593206479 9.45371230485457 9.581561133489604 9.365602953515584 8.822234503890687 3.1635121588801884 8.4029005029948 1.5475981901381939 1.4214291497325107 8.446161508516262 4.660085638785186 1.3465212077901179 7.908197312012581 2.9512673149591317 3.776013714716447 1.733091513924706 8.12801961794943 9.171420606094314 9.050676402829883 9.797343522036458 5.344022337421135 8.282245496269756 7.59969124902076 2.6181252581464554 7.281743051432802 7.339756546483153 9.17386648089051 7.9512349073724256 5.25753663453298 7.424009143772585 8.632903750990305 5.595328731490122 5.0503556206014775 7.509410243226356 4.998243994671794 8.879732678471175 8.600968059052342 2.8333474422521188 2.7355858961014903 1.8290349720576282 2.1030888827815097 2.7473653569430194 4.764108728506374 9.444679808100169 8.245041738468446 8.683936803591848 9.70299955175247 7.735091285411017 3.086143058571199 2.579846011118155 7.955557114242364 5.241212520084101 4.65220055532553 6.181001118730632 8.63227497391874 8.473205214086153 8.516875325923454 7.715592455112446
7.592767672371521 4.823652636428999 4.499016464714596 2.7741167725687226 4.2110053708012085 8.310112021503441 6.372329216556491 5.65929746405287 3.33503638507902 7.829128746858523 5.706828513634603 8.76415674398689 8.37751019068381 4.325499353303139 5.772208479482272 1.1373898174049928 5.258388810851403 7.488960594283127 526.1538768909085 3.3715465319167772 7.116027961257623 4.238486067997585 5.313626022842646 7.379005872094615 6.3113110956945 2.6891223717821693 3.0166030960832986 4.582808367105629 6.777369811687544 9.460570098284556 7.136807461055337 8.335690455771566 6.210207007801635 1.9634067303632872 5.842478982601302 5.293111463172018 9.01040705553235 1.8771246059273974 1.1195787538130284 2.449059746778038 4.52265949824794 8.90546545496056 4.547846463128137 4.507055686695167 7.95004034712826 3.706850325707829 9.434758452127042 1.880921883534696 9.320949168916593 2.0820203046573678 1.001881867069764 7.382051160293467 5.54947646976868 3.8762073446197283 3.3084831153938272 1.1101568083432694 7.216910985062617 5.33028733473937 1.9262494566932142 7.242756468935897 7.7096258883893105 1.2618597994682157 3.4093482317764123 3.277099476294 6.134454230980518 4.468099474723154 9.447551655927588 7.4527812092386885 4.212668201334618 9.224492598112436 9.745492242738612 2.324389252890785 3.744730115346173 3.4291884922231044 6.369274798065863 4.769029925702604 2.560661038721811 1.3228205091038037 5.931069889863371 2.7798315726854512 1.1495202609939508 1.7181373594273959 9.078200171074442 7.241050318347492 9.130093705392962 9.505134837923883 9.549319171440288 1.5182905583546797 3.7673823566164093 1.3734799148775885 5.962430379281892 5.435370590178309 8.017201790568702 1.2459178602935364 7.105036436591261 7.457511697426014 2.2821711431220093 7.127988423569369 7.73021841476647 3.386943605197448
9.733795933569068 4.6511964611113745 3.068612402268079 4.507638366767186 4.636375454964817 6.204295379175107 8.242213995501956 6.426484642368418 9.651130152142596 3.963695554725562 4.822176147428588 4.640287965843747 4.882801174121703 5.245386258759633 2.148220677869313 8.906532948346213 4.557020051084214 4.641755261594616 4.072680678563999 568.9380647405135 5.79751117433505 6.305148107235058 8.340244305662793 9.567607978614063 6.753790525012392 5.971618432056748 7.027846641670918 3.0443407331797374 5.433177227267822 9.83668651897556 9.03119271828324 2.322542685640845 5.940881946898572 1.630113902474012 1.6960433021904016 7.554516765040736 6.036196353487577 4.126272605861017 7.428975875606647 5.401883744684696 7.469003480080641 4.48684531093457 8.510969770649012 3.445455272885377 7.455611926347503 2.716624826948016 7.4755772800208335 4.341952557671054 1.6322446278025935 4.330978264278576 3.9396056574045533 5.198190487676156 4.32943447201329 6.909341923497338 5.296094063379953 3.8657762093424264 4.209176976595748 4.694894262557213 6.58709697213163 1.1388976784761904 5.81525169167854 8.440421558678647 8.24461581438408 9.208948467623813 1.396276431544682 6.416720216765915 4.101444777027533 7.567382186638451 2.5479875446732683 9.346561265083741 9.719283251039675 2.3230385169400685 9.18674401841956 6.557557064589221 5.9295088083388965 9.434186474494817 1.0246209751370385 8.422187191197597 1.4972961219843088 9.587467630393608 2.1589479734816854 6.705865306588917 6.84017444640777 6.639920611862369 4.33668541668402 9.725934810326796 4.742226345979806 4.908111194538652 6.777068890436311 9.817985364671982 6.761006560269342 3.539509544121938 5.504986408917466 4.174413804711409 2.893070725216915 8.428468670761776 6.82012271562158 6.6841403046030115 2.193259597311438 6.702957026564846
4.97479334873851 3.909953888942336 8.757794558176851 9.087047080873825 8.244594849503354 2.603680717463448 1.311380487685022 1.3456942802158092 5.005578772382726 1.4910688163935528 1.1290077593139043 6.913266203639346 7.730167777899921 9.919668337010762 1.7869002931741114 4.193870221284673 9.718464099094376 2.9727982684046426 5.219800369975831 3.5214162623509253 534.7488439662734 9.553900258891035 1.3369876821759759 7.951100051901529 8.468373254258175 3.0408059319564424 6.489867431460215 8.309292830368276 7.2933388148595855 3.1973524406419593 1.5134549802355604 8.823060734552016 2.898398457445097 9.075271582321829 6.604998658320406 9.159644308791588 1.6576354123071462 3.3898738154783246 6.917232347594516 7.3070468279080485 5.589208837631925 6.5877070780234215 3.130702779483932 7.563072528762178 3.1945679491901764 5.206131250495424 6.988910860367691 2.5158012157945664 4.358186056976939 3.2730650455980195 9.535639362581922 7.625475823393517 6.808608210492593 2.4799385287774003 4.088555481217002 3.718647053543063 8.676328283058327 3.102058462310774 7.1440243541884945 7.937915396645797 4.391264086617734 9.274773854787192 1.0239441120748736 1.489738657944553 9.92312947829219 9.080756261101387 6.267115366599923 5.794927909486554 8.509148159714709 3.3727840725707465 2.567169373292664 2.71395280377465 1.8016000199064601 5.803983646730825 9.81699658485437 2.1764543010284316 5.37706127557085 6.149240503091365 6.217609845572126 9.635251694568701 5.263566732705187 4.613439634121843 8.169614592433904 4.229770372738129 5.732607702839012 7.2854392632890335 4.569911822020178 2.208715093212435 1.4896467775088373 9.104112838637242 3.4000223887075474 2.1167090620016027 4.739045934135602 5.822801220614773 9.752782557692562 3.636275663208285 1.3134536253824205 2.938683090281148 3.176283461164932 8.36769259705055
4.929246481471506 6.031958135953074 9.429989685789309 5.033757917693228 1.7305542030070682 5.2317585768154995 5.318881039366005 2.530401499451158 9.889702158094194 4.727082904391063 3.681996574481195 4.5031190914808 4.2579423879139995 9.050939269484262 9.286491945054472 2.757932456476568 4.698804508016432 5.220993175763082 2.8121707111309364 8.07436156756242 3.4941479260606885 545.3741285554191 6.45185378112675 8.197293499241272 9.819307259678542 6.113876277894921 5.76409856100073 9.108902847055928 1.0784577605970713 5.660542802547375 7.473881187151137 3.734854871633366 6.318413793713856 8.536823020664386 4.3054315294458085 1.9719539277843152 6.818632978424343 5.496068343237348 4.495581633008051 1.1813363600698696 6.6998717773993794 3.6131284890063418 4.721271855937644 2.0154911341075867 7.185560073501048 2.3876466174406774 3.918474603130198 2.1618157529193853 4.918577825325645 5.944583153750426 2.001317494914283 9.57454263236086 9.09617223940019 4.279420057442478 4.675485054821419 6.306879529570225 6.4893612288097735 8.35975157251922 5.364652620959747 3.696048503429498 5.412568015550692 6.453702033203104 3.428344116345186 6.878620543552715 7.624479404357249 2.284345624049391 2.5553186181113907 9.648247677109726 7.890210209690132 1.2674452651047048 3.1479436887136663 8.676570078205687 6.841167085744251 9.10565797941639 9.540392544477431 1.1842944454000843 9.729000092738934 1.658259345643439 1.9332210330055497 7.1099280249046295 5.3830186482295765 5.776301334260783 7.132374756518041 5.138958053723246 3.1043326573252297 6.084695560817134 5.809146367605781 7.747854543687227 2.199286412432637 6.672110298950218 6.095011196170802 7.029755547295279 9.583787595047351 9.210296688768803 4.98682671146263 2.1516815246734695 2.9573530086594357 8.418506304869139 4.233007596175328 2.245642929849729
6.452493530944809 6.11308082383083 1.42425221125719 7.500834826732006 5.0316049886267615 2.33255846791275 3.777357520573782 1.2229431030495341 7.227770363999623 5.532386943660488 1.4708072415371816 2.878716386267814 7.958385632846028 9.630773921713944 2.7844346222921343 6.345502787970356 9.55965853751261 2.7601513747823043 2.6456528082373163 7.6685777106534845 3.9045748176215893 2.8435742238506214 507.89723677021465 7.185129525054655 9.55431108344561 1.8161966063164212 2.4756886845996826 6.673761860026186 2.911685879455596 2.67918110102699 7.606759845456157 6.6508635245439685 7.0934979324834835 7.320744946304042 7.634161405806856 7.345605404170623 7.290920916304735 5.411944744913782 4.724996598697523 3.403362442198078 7.797074577833971 3.259747001482272 1.675590023973083 8.488058694066815 9.942376655542358 8.100702906950108 4.357881079111099 3.086567485173944 1.4930048772873343 4.171953505523786 8.105489175044125 9.27754078632294 6.893054147035444 7.367392443710002 1.6899499694197013 9.235104601774296 2.3912590159907037 8.805836530889849 8.146039612583802 2.6886571226577543 1.1625256680866496 6.013534439156504 8.21475445095611 3.2860529779986942 2.9389015859249374 2.6504569836682705 5.389743851403371 2.7955913704842166 6.806251182229341 2.020686404712678 1.0247801598143234 4.596909405765247 3.3623663728033986 5.005569854417547 2.47476462757632 8.178647254295573 7.145578207421186 1.6017095424917627 4.2398067041912935 2.738358161956878 5.593805759608532 1.851656342826241 2.760835210206746 4.162108675568285 8.154339867233954 6.149432642570723 6.006835915398307 1.7251961423309485 5.316912966989844 5.255705401545895 9.323955834257443 6.763433929746691 5.35223342705329 4.05284646306768 8.195053428069933 3.7628187618163107 5.7774932626022295 2.8521151786359034 4.166465898604713 4.517960907176048
5.238279233319876 7.842503752474227 1.49370302101878 4.549308592554484 6.4291257921947995 5.442168641097956 6.442057656489066 5.962991373033157 6.8591960276247415 7.71097741911723 8.492331495198155 7.967287032624553 6.690192858056378 3.222011401039759 7.006523048167305 7.7125758146456045 1.708705788269837 8.34483235756321 3.403181998467144 3.69102098369863 3.729198351391574 3.0079884922652513 2.591533764356088 527.6258021573243 8.00873418268567 6.388812243137307 1.3495503460527003 8.690300610499794 3.9734514313351785 7.386648487440276 6.752081477132366 1.5875771024725895 8.909959458556486 6.395709642589817 8.387507091283656 2.461877988379807 2.281738274750665 4.287354703223433 6.993457933292843 6.584411427168142 7.5888470816706555 2.9572960776935133 3.098989531692653 2.5886563438531076 5.807937741899088 9.5816111030021 6.8566946073359105 7.450986995673449 2.712495986523308 4.067431659435241 5.068119876651036 2.059874045971371 7.536161885156078 7.597266456822789 2.2549640685444006 3.86971077056735 3.8111569146488957 6.021102811993829 2.1911368219386405 3.8809470972806297 8.713342948275438 1.0508700275459981 5.957353296105776 4.679838651260158 4.933458330018448 5.392142775869403 3.983369657613486 2.3649543407222837 5.291005385389647 8.84237096445947 7.768592173498892 3.691955574857846 7.813944579704998 4.423481233827305 9.380331992795412 7.505851577000534 2.7308473987965938 1.4387523791112027 1.2004263343473975 3.4406397832918065 3.65537043875143 5.618213070546827 7.9447476129026935 6.7394647440902 5.95172408135192 3.604066807470169 1.4203896962524951 7.115839264633833 4.639013033153367 6.186655746517074 8.445659502099996 2.641498195032683 4.245465716940828 9.320568942630539 4.180535364764043 1.5911733269312456 8.854849001266793 4.217816550934457 8.332463581918091 7.610417886188542
4.391191516338901 3.173914535290779 8.064216193160169 8.5682587449794 5.378689001110734 8.91279570483231 4.867084108539384 8.7940609906527 7.864420033139775 7.5715703807791215 6.933775362960017 5.451813298382896 9.369213921212367 2.9974480601052873 4.392100370935331 4.8029342750321735 3.8759249588751246 2.910198528874165 4.606985190500342 5.832792985095829 4.323484907243203 7.577703226541962 3.638142456238623 6.547326496288163 536.9136492703755 7.257019233671896 5.958812918282015 3.352827533716262 2.6005503205824834 3.7183707817397975 2.8523243883852367 4.822810552110002 1.2384912669763746 3.1766356255579824 8.90877888672617 2.2015736217204296 6.912997755365289 4.040962190210229 3.973755984809857 6.100624898881919 6.864039700642264 5.444097364050657 2.1420808629012735 1.0936272309040924 6.4324695299869115 6.894825601251623 1.3016152685625997 7.282035829752249 2.7687460517069384 8.341386843449165 1.6514343056736787 4.699384326327035 7.277488624201495 2.2987257707945075 3.967140390655294 5.153112211013683 8.225344067922144 7.349324671295719 9.334952152406332 5.204471820628673 7.96584973659846 5.698251708227702 3.366193162930468 6.282330060006893 5.020304622771453 6.7303709596619585 5.354551505290364 4.466944779967831 4.3552399982454055 3.3479089468877716 8.394834905397367 2.3523495690102307 9.251615601904255 3.8212727903317583 6.820884199402468 7.153064901959573 7.312461113813678 8.697394882347341 7.443606255818892 7.355380304515529 8.321895495025665 6.500728059035498 3.72486512563881 9.810032477966157 8.60015978947599 5.20971819422882 8.096151286779726 4.642634869651651 1.863476995082039 2.1556071783122204 2.7216598960722265 2.413680855316616 3.964577553486813 1.1752069007004957 1.8652285046126809 7.573070264977907 8.531362828601123 7.999480773225951 2.339781573330666 2.1645821737192033
8.060740691637179 5.903154852502168 6.046673047128227 3.2671961930279103 1.8940246832111933 2.8281856508874244 2.441096002340322 3.7789304314538765 6.915254379735412 1.0930532643898814 2.4499239431353805 2.277331817195217 4.762901879456325 2.6832145498467264 3.55053694296011 5.917963971314535 9.471158723826468 7.551262667670875 1.9091757062640173 7.089458258253098 2.2093964697405086 2.2313030583015507 8.84720236463222 5.268045851353952 4.674190757999018 514.7331682463489 6.430110408237664 3.410395772808773 5.645634049228576 9.2681712955279 3.6781365470568628 5.222613455310592 9.461110485370904 1.620450905877529 4.2165104558631015 5.377995047240339 8.148413373660304 4.686405487227633 1.3614019584222938 5.145014109987945 1.7118763887019988 1.8549003759299723 1.1860694409665504 5.829360708596654 5.193992603304927 2.0258390039551655 9.109359316703026 9.986158081365295 7.634306220930108 1.6612949017851943 8.452300344680891 8.183904547262124 1.2899321120026608 7.184639629434318 4.997647084167437 3.956676522424218 6.841312281761393 8.68808159140001 4.210574025318267 5.159477443143191 3.6187318342674604 7.698363500933121 2.845587763362786 3.732606720334375 5.68524139769405 2.324080520164559 2.1528929476913996 9.521309440003542 2.4128092878435314 4.783869492552094 9.177128370189157 3.5330177881583746 7.034052642180475 3.4948171470337828 3.0990464919867393 8.163103892818523 5.817820019493122 7.6996388278512775 5.858064679527936 3.8208000094345667 3.483210400173011 7.27003558019483 5.619711888534119 3.316962530810345 4.028095316839592 9.383404777779923 5.309600745241827 9.050564455981641 9.677770182381446 5.4124026865217045 7.337184731850911 1.481484312523519 7.3068459832893415 6.475308509633129 4.596596902153616 1.4505045361794637 7.842736385939387 7.776442846870191 8.225736313074394 4.192159023614652
5.9869733818614 5.521991269226112 6.602818702257943 6.557675682290433 8.054623061719237 1.2790287639305347 4.981254770901421 3.4856581518359135 1.5182063399216603 7.950139805491281 1.0467321185093603 9.196221371601553 8.4247245281906 4.633211959955326 6.130261316814336 9.180809176182148 8.732904013882923 1.2671568238429243 3.7944185419853236 7.367520567282911 8.60159918458788 5.581788366111289 9.774625065870511 7.176682226294983 8.716965257603956 5.386852594650276 525.9021108072236 2.194730778226016 7.6198445421250485 4.201574635332221 6.350606383563456 3.5389566058564474 9.403889821502988 9.544559502724963 4.526631201597439 4.693351217717819 2.500975710760297 4.161599630563454 1.139199216115833 1.7311103850839502 4.483900050128778 9.25726031677209 6.564766317635182 8.809682224816289 8.746684481501003 2.8311748830982175 6.83707255740789 3.3190282576888213 7.033948900186118 3.3937022144609337 8.522754575688383 8.44603682379536 8.910336973773564 6.464168440159063 2.462744189722737 9.277906384847466 1.2133420051662127 4.9496787500962816 4.885201718946289 5.637636749824365 9.329387727867863 5.536462984928251 6.029036791108279 2.545520829441117 1.971892490375406 6.4440430102990955 1.5802611618419 6.294129251724751 8.597085981349288 9.361210369784862 8.207655876077101 4.109007658480117 1.788282494307269 2.155611394935175 4.65347911495583 2.4999390965135326 2.705438500629139 2.8205777054911794 5.357818468183011 7.316317683213936 3.0156075326151788 2.225847225999425 2.0836320033098357 7.750763925097299 4.808201677481427 5.075409102285208 1.8378245051567936 6.7988642893866045 1.2370954474905282 3.8568210413069592 6.360497923215753 4.271705329180408 3.7608640302074012 6.3420611319299915 4.228769077891201 5.819734102085668 2.606214931904404 3.639868633061967 2.4630934061823 4.256955725355207
7.49133588397941 3.302571127584659 7.631341341769011 7.916498533200028 2.3124569738589282 6.583643838524981 1.5359379458981772 6.204677746316193 9.085014837418317 1.8141651724934256 3.0017021089697877 7.1526826355322495 1.3106609139810657 7.682102803713329 3.3280969444646944 3.148488947178937 9.119859206805332 3.8652510805348395 9.092335200649702 4.670082039503635 6.780783904622858 7.605838957994084 2.784724772028194 9.087801042950792 7.247011134856677 9.06407262760467 3.7599409993709005 560.5901339051354 5.814076224745447 6.478102084891973 9.739295712193751 1.9780212041310103 9.564417379630425 2.479595612015726 7.359196471703446 6.870537585437116 7.973844210115103 4.5682361477018745 7.0688391568535325 1.8410952372206497 9.439247228445975 2.998173987998913 2.761351945559408 6.6491976119898055 9.493421030355526 8.14064492848096 6.624350920779396 4.948494431523607 1.459858712607982 2.000475929371786 3.0765110618176674 2.1539718119428977 5.7097645478926 4.567257748399762 4.119686820840341 5.415361699778513 2.8803872551749112 3.6289410462307883 3.3266035970233525 5.966201473938479 7.636301277968987 4.265510368560204 6.852478667738828 6.419778947872901 3.6585202306690263 7.324873933239754 5.380726178165462 5.899687602066112 1.9727113193879404 4.224663150269917 1.9932913312266674 6.179547445049829 9.598727742061854 7.237042546367868 4.44472214055874 9.334048576328136 5.411933729412315 4.952442150983252 9.831151780389288 2.8766330705021836 8.853878515703094 3.3033503656990217 9.704487297949477 4.980156364156146 9.607451477917094 8.379856449835716 1.119245759441129 6.45863050235443 9.459497015726772 4.037030917681925 9.643178930435017 4.393697451631148 7.214557065937372 1.1001769878962935 4.57281548439712 8.349125707661656 8.179650348183712 6.546833958078602 2.5704517280028725 4.729052132060342
1.2237754386197557 8.121523270197052 2.00539850527481 5.455249505007293 4.254258628856099 5.087542035661488 5.8890531154702535 1.2095264225575755 4.7847701694166 2.5070602841460667 3.228130907967288 5.766479172851247 4.022709092859699 7.833787203335564 1.1031115583180737 4.144891749839418 2.2002236242412403 9.740997103718167 3.4596402487383755 4.679556004807019 9.226166272766756 1.5489860419033281 8.579814038465429 5.990357068374221 8.725391036435031 4.803234274442191 9.149528212108446 6.9377050813945615 520.3855009584508 9.362230247787659 6.151633190512764 6.243312371094153 8.21802283852142 2.7131230484164104 5.458746117891589 2.1471295631495115 1.7711944955052235 2.385601162438889 6.046459296008859 7.643310697613733 3.007602132047557 7.00930739231075 8.89097169515211 8.210711940706531 7.602923519438127 3.484520674885891 3.276819927601087 6.064840165916152 1.38423574374106 9.360582898165852 6.370211192917817 1.517190411244946 9.163493826234419 3.280631666313468 8.149455276365995 9.778244577211401 2.5338115731854485 4.413250440951495 6.707122539234724 8.794539089848335 1.6629695140277523 4.127333139219244 9.328757870810605 1.6165342342504756 9.511841738269103 1.8500350594529626 4.433307296601157 2.8941683668319134 3.6086360423568533 5.466150210715707 1.1427351906796819 6.02552850788385 5.108198791786596 4.7076530604910936 4.154307969589601 8.406687920460865 8.529444740320343 2.751755990368202 8.940317579113195 4.570599796796356 7.047434797676065 2.309645891901896 1.8217734192703308 7.832909846818743 2.145897837007347 7.71671176898869 6.678801041912896 4.572968743393642 5.334651712088841 5.712599039077115 5.3292650607704175 2.1199871462863777 1.8866547301010241 7.957120008896138 6.62638241900436 3.321500997471547 3.953013417327372 6.584787641834792 9.742221290099687 1.7847942287110807
2.4900703646887417 3.064596519321404 7.41283869864868 1.1955378949093802 3.121856191048015 9.429947081159387 4.668309631529322 1.4435637158343835 8.87111639814512 2.8557229939142474 1.4251131629297444 6.367678633156177 1.5239373285505535 4.555351679093484 9.885674136283937 9.688564627169763 5.609879787981948 9.012955315653485 3.80969119401548 8.558268786917782 6.868871013611163 2.916913527340459 4.236003899084055 4.70906154069943 7.967240831294979 5.287643196873911 4.128385289241701 7.140267289166799 2.665319292151553 540.61800136701 6.150304877471753 3.9848638689137754 3.7264007698671753 2.453604964991662 4.480569946661337 2.0482364756921103 8.040505245608317 8.555300053684288 7.895049857832069 6.395555684177717 7.373245110076729 4.7375383803613165 6.346416673044708 4.981051498446394 3.996612789648843 1.4534568471657874 9.467281961251054 2.4305367901372636 2.757351146149759 5.489700057043955 8.842424630141627 3.5533163194644466 7.331402702093127 5.828971154683666 7.804228262728686 2.5154013611058326 6.02594173688704 2.4848697710636465 1.0778147263100366 3.6585335143310247 8.772258719290344 2.4561601969436717 6.19854747232548 5.990265939179023 1.7044272409146393 4.642632874403242 8.14568930730061 1.3418228667699426 7.558524191036707 3.648369812126661 9.857593408553834 7.0980193964961655 3.0727943886373614 9.562816110173998 8.896842686132976 6.370674355825235 4.418469441915462 4.186675955895352 9.115004286993345 8.472927866254217 9.61701484556855 9.983489378671981 9.077986815289837 8.784604558375545 5.2081105366511355 5.08813182450951 1.3030204839604804 1.3851899761724655 3.518516320374654 9.74970704421005 1.1854369636659747 1.1611594760975081 3.867389547679011 3.1574394073833156 6.927738202458894 8.101883344055583 8.41195714173616 4.952034443112126 2.390444883720997 9.046612909469712
9.073190356383527 3.0454791648941337 4.30959750365901 5.171998827413203 8.101092891584724 3.923706227581765 3.9571168127907996 2.3172424819393367 7.525368726164625 2.9157910510715097 2.350922366621954 1.0810102941309687 5.601241473733823 9.889912689021212 7.722260415682383 4.312891420142415 7.397157992226766 9.157387965267466 5.756388148252971 5.097061764744434 7.802118002032504 1.5038477559097019 2.0909333141920117 4.354988235476677 5.026218844055305 1.5059183214704768 2.027563362772377 8.17114685091498 4.907343206665985 6.707658939166686 544.5661774101809 1.6818453760101555 1.7328527899033603 2.5128577403153605 9.725832206757852 1.1548040587960122 4.58081103443941 9.189420033287762 9.871828931516108 2.2901894370762497 1.83809166297929 7.047623430175616 2.0661057164409313 3.082516527504542 6.601545535337259 3.1203047106301858 9.73764050248748 3.133034030496222 8.422225526619757 5.29095822250855 5.2349506839779085 9.855975424823216 9.462710119410543 7.69922324633102 8.519108417115403 2.3788139429141504 9.324182342325049 8.891200587273863 1.136083214511597 8.404511891104319 7.994072447766719 4.394410250531566 6.129748392060845 2.9139668300912263 9.837710909687967 4.242355259335988 9.206943362352348 1.8178167342975464 7.218296825575823 3.7303382729938153 9.908108666186898 3.2241825730367752 1.9748273726142045 8.143769832992735 3.9051235804308053 9.566630502013677 6.226695367969864 7.8682680329226935 2.4785012708505656 4.100702081312013 5.686036385416221 2.6851667979965654 4.056815066558224 2.019809602756825 5.160416124174778 4.771241092804331 9.57869733175102 4.681723473541003 5.530272860578258 1.525851574876319 7.300827003495355 7.925617230743293 8.505625800450929 4.867177408752031 8.905102352984187 6.263884256167641 3.2292480977213254 3.3665057930751097 3.021986409751087 9.264256682899696
6.372771410710875 9.758641225056966 3.8290672894385094 1.4993113446291808 7.4240866471467255 3.6389006073244508 2.341116256121134 4.253856610208366 9.890363791107486 2.1992632032935333 8.615254242850437 9.983405028035016 8.898055682259246 1.7199580006042385 3.913415273247453 6.686258382961231 5.928529113260027 5.272919343157845 1.8893175908632678 1.009767065503728 2.001296332512532 6.642472595389344 6.747570799994714 6.401044115300884 4.375810077532836 4.247754943627823 2.416780450340315 8.535167803437627 3.912535735582779 9.43020723282476 6.850572846848772 553.9748990424671 7.769964684533987 4.217110343952479 9.59931800119249 5.667822813199315 8.899601241189252 9.034183679573543 3.7821470373652306 7.316899333202178 2.68065438473527 7.940174254824597 3.4809623087024235 3.0761808597775264 4.86470202536502 7.654495360413625 8.268148266443152 7.721117867913085 2.3773145831438156 9.782102478749795 7.675477831157334 1.7179322357888291 5.643944100033645 1.3545281334919554 7.404072172364482 2.3796823990228573 6.1699583529805615 6.135300635681102 9.070972854981937 7.994304417102083 3.27587724087801 1.7171729417842783 2.7644874739262026 2.5790981448964283 3.4887403223695186 4.436820712229561 1.2469925556865866 6.822291877082151 7.5497337602182375 4.709449829291938 1.3284215346834576 2.3468655147910207 2.9334747853689818 4.7418491621559316 7.538834706554719 5.573037069388128 8.084710159103658 5.312763275926507 1.6588752299310512 8.310520572550825 6.475147161524143 5.39744546695744 9.107554123721776 5.248618334976088 1.6269799521386399 3.3650761620090464 9.065127577602103 6.859510378624739 7.5339642867784375 8.764369868261097 7.212159439717935 5.546345831482442 8.750399282751633 4.246968804562211 3.1954375926917944 6.278769397806963 7.438649090263309 5.538862612253603 9.828530518250865 6.958334481037137
1.5772850896185315 2.9916412319115158 1.493141838971935 2.1862212584737857 4.31672815890723 3.118292511604235 7.972452650545791 1.187307789660149 8.769365300718675 4.903069096561497 8.437344312362121 5.283869422509867 3.38897937196422 2.1937171048689357 3.5652743835415808 9.061859826669169 8.736475628037054 6.020696589949636 9.11068638613526 8.209340694328848 8.1575890917081 7.268144682338489 5.709288657287776 3.300585996160227 6.93099946747655 7.991956012565652 7.07118975312491 5.083450500098102 7.738076153938567 9.140010865828401 1.2023296066880866 1.6644601589406671 553.4486817054078 5.161524152813824 3.298444893418834 3.0473980058565364 9.818472842195904 4.214815529893528 8.771039912018118 9.83712149623707 6.143596210070285 4.4937060416308015 6.878639458040385 7.978121474181505 1.8084021643737904 4.84109131311153 4.7668960939686595 3.9294210247780708 7.810197422127327 7.7637195358717195 7.5592303697278105 8.45140790848384 8.25126438301854 4.512640735171663 4.179524313302067 5.0230108402762825 2.564402763097237 6.451305296195093 1.5796126126999535 9.654672864314179 5.058560308681289 8.69890821507067 1.5895596009513453 7.879623524035313 8.648606150318228 1.3945605481653711 7.6273931774007755 1.8587392906572577 6.876229675444221 5.2005180320296365 1.0751325945415002 9.09789266224569 3.1017624727824886 7.016675195117527 9.382522887074805 3.0164128907517584 9.655697102290345 5.8050936967002995 9.237939564846785 3.1810413166059 8.33038201887895 9.450260284260102 1.8614913656366312 7.342578317316576 2.613634464632003 1.9860135624960757 2.452753323684359 4.930142137619567 3.740211573901827 2.741202305514949 7.401197078925915 9.781739113738176 2.5445219095169103 6.4180881754851695 4.812697428166297 1.7664637357930302 4.067392929944514 6.368733322382453 5.428076771180476 8.137157426053058
4.567899836065067 2.8755831074211664 4.570891306763108 6.756002580520296 7.032069268238429 2.06038292129294 7.962175805350394 8.918696161049223 6.160792478670567 1.184492769481024 5.987413970296815 5.692034474982926 9.098690674712426 3.923308409920043 8.057370113133778 6.965171296720968 8.693483304852707 2.640230207263734 2.3830284919718125 6.661541890742243 6.762181729895301 4.796118672747998 7.737417552984013 7.351893770053626 2.5255069391232237 4.434019972567283 7.607751722635307 9.802629897577317 6.459426120825809 5.9144103388136875 9.326805796401132 4.2074493453646635 2.1128166840148 560.8708643331311 8.075042741135452 7.5091933927459165 1.076213394953605 2.4021332826243063 6.217240645439826 8.583996000014132 1.187496929842503 5.22132143056291 6.244410175130395 3.341942970454506 8.972652513402323 9.418872656658003 7.45069853204539 4.911397660755326 5.410964441790149 9.249154323746358 2.7980008317427014 9.690161167715608 1.322515616316976 1.7974515970777465 8.246995376694848 5.489108752715303 4.943925509538626 1.4366273228081086 2.696526669337113 7.007948563770914 9.919213428061479 4.668005349840115 9.04799869952242 4.141527759607294 8.308850265766372 3.1479423963109916 1.3580159402794636 6.630955448960723 7.90465228343512 3.53025965633865 6.705254109357895 3.2962862463542284 2.069573439536959 6.033788654996481 2.776110497747665 1.2386595535357152 1.771016001095042 9.245162085878073 4.915620485251896 7.683468007244446 7.830846627684261 7.35200564719074 6.591326081539432 6.999076562946966 7.344007801375646 4.852629358552203 3.51750796991754 8.24812059384198 1.7424429894561353 3.430181735368622 5.992193897983278 9.548570707942664 1.3726994688314393 8.655082795191905 6.88424257777327 6.8053325697783755 8.623716947364136 1.7280872068018458 5.147392692071707 9.64159641055227
9.606080052431624 1.6662490962014342 7.201405173997861 4.248241312161493 1.161021324783085 3.0961274911334535 1.4981316288646491 5.080404087338113 8.413822223741986 4.489055218257382 6.3900616898424625 8.44999970674945 9.405248081254774 4.656762643704889 3.481374132846861 4.040105701055266 7.578195749944197 4.3848386436271705 5.883190350872162 5.8245132851150405 8.732477295240331 8.832903505102319 5.787064263109329 7.9660538495267845 2.850038355299435 2.7582644476595615 8.408952670465544 6.169193060739627 4.5292712149645125 9.467089199099714 5.280991841068074 4.179143445544766 3.502407389138221 2.2569086161673235 516.6252812685841 8.228786391215852 2.8105192109284896 3.7895000155196468 6.12948715766391 4.325108092662691 5.773864363511546 8.685419108491903 4.158313841833056 4.046434676118762 3.5507513727515554 7.845184509471918 7.08549066896306 5.489733394266204 9.480171301676048 7.931395266392133 6.483055991486162 4.388899426556243 6.3026062211820655 2.7157855138382514 1.1239642493682949 3.850827672792029 3.06747189591195 3.1685149297642066 1.5835744818401252 2.946899415710369 4.15455163117836 8.057403392499399 5.782763122663896 3.458762009830645 6.192685686726688 2.093624838209509 9.033628788616664 2.6146754481768104 1.5533751359362324 3.92203389683611 5.701822637778013 3.2707646151698544 5.084493547767064 2.8742843969127656 2.7834768950419817 7.9929648030640275 7.25798246892837 3.9359598944450718 2.031114207953601 8.569053811339485 5.883160462109764 2.2213586269719023 1.930010737764593 1.8767585431281313 5.474173423412376 9.79210092877048 5.982048320574275 2.7057781878778533 7.435448615872791 3.2301159020373174 8.342580660742462 2.7339111596385375 6.284637891278211 7.025204772164782 9.319244600244009 8.652301157760075 2.9890690362483787 3.9066981402845338 7.235109557432578 1.8489292052919786
9.400517033798828 5.119140239235253 8.607546053244338 8.162129429500977 2.093765187411892 7.935830914635044 4.087804787712248 6.005633875316996 8.532267945738226 8.475321728844808 9.886779509111365 1.8899271258753185 6.214112255342043 3.1929134719576533 1.1564363564067466 1.6515399082186053 3.6567848253264255 6.099553149544393 5.79011114680318 8.456514615915005 7.422106934216508 8.265110361641122 7.0583730833375595 6.352980921223563 8.360169241041596 8.031360493599468 3.8605598974758077 9.345212725348121 7.019648439396876 8.41441898472943 1.0658724439366258 8.581164857867657 2.84591123181961 3.125588735888354 2.9100581426437064 568.9417789147069 9.405959422017471 6.084140869189487 4.197349641055466 5.582162549530498 3.424321912076641 3.7678594581077425 6.991489283501826 9.493978908713427 5.609979723545717 8.465713053339648 3.167788133294028 9.827697811081489 7.937104498889817 9.789368467248206 2.8392719017177894 4.072463529464011 1.3440649207106188 9.881200672076918 1.928200625165449 1.1307015866485655 5.557453059036128 3.084103041356702 5.828944112822133 1.61480519708287 9.81148060454429 8.724819808565758 6.348957213187906 7.715722794515399 4.430296862687008 4.393470754235265 4.884670925020897 6.410806091940595 7.355038287763423 3.1007459246781006 1.8283528344039337 2.374471456303002 9.69021602389517 1.9237104832136884 7.184637505765581 1.7977525921426278 8.495810890900998 3.661347087429693 1.6319937932777175 5.58173736274366 1.3562137905947376 2.091153626311703 8.868950576247535 7.891314934246985 8.885301682405633 8.837836805318979 7.93780498590972 8.492944924776817 7.0512761998169795 2.9169519055585282 6.9569633073139885 6.902763446882547 5.075533085010014 6.987892554686398 9.480141563770756 5.474413375042935 6.00365627396667 1.3536300841049476 1.3354088788401701 4.101895834405951
5.754513501069552 3.337763962245711 1.9294842861774941 6.847741671703701 4.774899475607755 8.568627657834956 6.15120085786316 9.55430425481703 6.617521328439172 7.007357292095824 8.277874380766391 8.83622562638732 1.7595861907894752 8.634753637943568 5.02050955636019 9.763110254847565 6.201557251657471 6.691503643162 6.304283420660958 7.38206403304885 9.913160309211763 7.657413984999503 8.011790888382691 5.622141946929424 1.0329078577076793 1.8677995329278438 6.777860229725186 6.46181179746826 5.993449475714086 2.001766750963496 7.984928208750668 3.841004795442103 5.917994584706599 3.6224529974654915 4.318797476589284 8.680756717257786 534.9014707544544 2.645344895487068 5.305013598834844 1.3875650744214512 6.514668272321587 1.0874735003505118 7.053510090675605 6.903681234295013 1.9474456566792457 9.276568146689904 4.3074264047577575 8.98828291171298 6.348764579235388 1.5103828609695735 8.706460802223326 1.3987359669923585 7.836934259398216 3.855017036070504 7.002446992149337 3.5093170250901706 5.2757130247214 6.117253445537881 2.1367199897109783 4.590028287384783 8.787226112604639 1.8056207042210535 7.9857070668216465 5.3303274618908105 2.27386908402175 1.5762286699789407 8.918058199788252 8.36128584076349 5.246121060964967 2.2195911248972386 5.289163124225736 2.474363505743648 4.476772279505974 5.944810040838933 6.380638943177403 8.820928244330055 6.342989058232804 8.76340864960661 3.3533677142258735 5.615982311868256 4.811059743242162 2.693303488755214 2.7872832029394647 4.688740791848054 2.057902174791013 1.1084916806778091 6.591320768265908 6.3152308738285505 5.807510059198338 5.983377687100415 5.360398749708865 6.931274176249817 5.014365525269983 5.010953067466296 3.0469818961369195 2.8734536969325823 2.8712203737301065 7.5663398778799404 5.167857250218809 1.9840196044527267
8.853403907212218 1.5998491508667831 5.523350921045576 8.55187987083184 8.301266899906565 6.012222153596478 2.9222681324113458 5.425037202055467 9.605427163206022 5.520370598800601 3.93497706378845 2.786843661144567 5.468973277556816 5.7530918210228865 6.558265779218687 9.410291500899953 3.750198001562755 8.8596927094474 4.248232926376918 4.427808391503289 7.393492669066084 8.910275178639287 9.866598561666812 2.39850823827794 4.200173587438096 3.3228382209455027 6.943009541951836 5.923944754993531 7.182004071647666 3.2174819807072668 3.5826799518671346 5.821842737595141 7.788732496448784 9.607956564450882 8.114700128725671 8.012626909035948 3.6848811596106548 581.0925991127782 3.2336614198294877 7.746092424622487 2.004440326199223 3.4461832061569573 5.907900673328646 7.365152849801061 6.716132352803244 2.13993936690037 7.779853137455886 2.1672715360349444 5.710031882034134 7.703177566866519 4.0437374259049115 5.03850125047084 1.3197744027711993 4.44635573943897 6.759729721466309 3.0594220465395803 4.51209931933042 6.326218696784967 9.81379651289024 6.807535167193738 5.251608172234362 6.041732237419509 4.528168648001304 7.317451909874997 6.564768004651396 7.5108686555145585 9.871303618501198 9.417803418043194 9.533994623429786 1.2864137804482503 4.8825703073918785 6.293361484477359 5.910978190954191 9.575264893115865 1.0182364625177804 1.2662494812735767 7.501447252703655 8.990575676664971 2.7075189978611145 6.197633217102821 5.0344555111440386 9.003312522538623 8.892333375845531 3.9842264182025424 4.832568724377079 3.846253837585158 3.4785805722108365 5.853640125745388 5.683366710873953 7.90278161332361 9.352332302245479 2.4438878252226006 7.292053102415286 6.377001506394422 8.876228147169027 2.168877182914067 6.805398420799644 9.204871470683551 5.8561078369754105 2.4048461473150318
8.990602604958028 2.112149852257799 1.463234997904977 5.236881196926861 3.331439344847835 1.877646313279906 7.202044170733821 9.421544281374784 7.876346841701498 1.4093514210215123 6.663107641248364 6.644977560851893 7.869366866396563 6.740182352588247 2.9562891777723053 2.18176080434957 5.274024010140429 7.919531077578998 2.3324135146807246 3.75710044708478 5.149440227799554 7.842944945014424 5.92603340032295 2.252592536715595 8.711764094669569 9.306633016755198 3.0441401237116072 8.613509640841993 7.394055405340586 9.470334087700417 4.593135140124428 2.8376384736591116 2.8410326309340332 2.7852482235606892 6.7085352846683195 6.763920088149707 8.820505867818538 8.190448027318991 524.5456005392133 1.3834205483270796 5.763049519850572 1.3602485401592217 1.1087076860161251 8.904927538695011 6.414113615785253 6.183164416565442 3.248861647798614 1.0580711732026937 2.546329441552503 8.576975953307088 1.4123641578069255 1.8704868838556588 4.621425435748082 2.5397996359396147 5.9600171279213505 8.206083082827995 3.3463349445193544 5.031494126761266 7.301178742762424 7.360978084650657 9.148429767399936 3.7170953208694195 6.170536999983794 1.2468776760620726 8.42688404328781 3.1316714348708934 1.107786721586422 9.928197148439727 9.815360151455142 5.307820120546127 7.874228711272189 3.3618998420967223 3.707057351946978 3.503072037336029 8.136810571296026 5.029743165565312 4.910577051983039 7.058384556807076 5.29475470177569 6.8580438791283855 6.40560124100757 7.255151174436932 2.08164326690917 5.511002457640183 2.828796468598058 4.872823477955505 4.297304156442329 1.5836079747694742 4.5826832931154495 5.792620180383362 2.486888638486582 9.273754720529679 8.165149504862162 6.7084716336255745 4.366491435047532 4.14517084667756 6.10293642501351 5.127338958292231 4.676150697314863 4.161244617526382
4.833749130817806 1.5889042768347654 7.951140338167599 2.588223488637791 1.3226402189311506 3.6686364346925453 7.688822590719873 9.889335367147151 2.101642317232993 7.635071562408232 3.6704132257554423 8.72793924742913 4.176572039135584 6.940171314551012 4.543545275110902 7.583880386084979 8.703341397580516 9.217410314739844 9.77474233502698 3.2564138967852494 2.412082081772869 6.604064157960846 8.568985453355326 9.561376958857753 6.877177602347531 2.730434890827893 6.999721747510664 7.223371643051373 5.340313029842356 9.562446064825425 3.843073920917268 9.590632738126779 6.2929304093992355 7.376802655971756 7.860009914957593 9.171561908384847 2.640819948390732 8.974417263552535 1.2471817569736041 554.543405247641 4.481865259323305 1.475270832383813 7.092204612575703 5.958179009739995 5.203559505851205 5.943024397902307 6.149282461997237 3.613270536476606 7.282759958290292 6.697854331293187 8.757463980727358 6.796220805982085 2.428603840406763 1.260750865315279 4.819510883217203 8.391873950374578 6.8562320963667185 9.268491440845299 8.826259417477873 6.8666279204842855 3.076797642082796 4.060408021519422 4.636775917216447 5.87213494272948 1.7473628800625984 1.5969191412853263 2.294714817504614 1.0556583312031211 6.191028844570232 7.841471299364828 7.052719155434674 3.64102103734327 2.464294709663367 3.9859410956141965 4.2814713635684924 9.425845759608904 3.043869235506732 9.279592761472664 6.3915980005092345 4.544521689627037 6.368421546130856 6.6931040239249056 3.9223142676636455 3.010486656752141 1.7646284090027293 2.9411904719333926 9.674673724784702 1.5460628888600914 9.292228503502342 7.742462328026042 7.538554206552917 6.581256902385956 1.8550763392261143 2.259195297013343 7.430652503962157 5.9970234436343945 5.276391444360714 3.000314165572334 2.176362982097112 6.827721983703083
5.12037049381706 7.623111223672903 4.866485274906117 1.475548783586361 4.859535670550491 3.8167160521677634 5.458355863141298 3.7396379959680397 2.90101443669665 7.505628890968591 3.29094650129346 7.694767863763377 7.721075947634842 3.436726695014614 9.153656748522879 6.911098452995742 9.882120156738676 7.328075015111513 3.810134114396557 3.2842830031276162 5.231211806703523 8.2122035590198 1.1727374631360368 3.3578406966844634 4.305359336283658 2.1013776579411103 7.000433135431422 1.6334444815562352 8.383038142095087 9.080450639342244 3.990427894158925 7.301155904920503 7.693710820955676 2.785795028953426 4.922009681889801 8.760336503058499 4.13713937975891 6.865675948711052 5.342760497865731 6.0591783095727685 559.9852859838651 2.5984459125392574 7.277922749548531 8.596983461879818 9.314509032728013 3.6584905751094325 7.592238294037996 8.611363917675318 8.758145483848413 2.882883430163618 7.794614349415935 8.71285727222969 9.45285851920049 1.6954931269063689 9.187806869657503 5.384235609167554 9.196959796959174 5.647599119049467 5.924791098185788 5.875853674262946 6.26557931484569 3.213718112607224 9.90805679354326 7.582382087038331 3.5457997994915598 2.3230887993444647 9.480179898194423 1.7511978443816714 8.534157411749659 6.923306919340872 2.9521358225213543 1.1506844983166502 3.679076903139838 8.92396155973578 7.198928560954817 2.9431892321255795 6.342401450815789 7.643049821411901 3.908318556145557 6.82268045323946 4.643725658603337 1.9083697665822097 1.997913630102831 8.229893969894636 3.1294245492057176 6.357628830392045 4.476728317061489 5.9157201267206405 2.1733329567640567 2.2711330693896548 7.570129551627887 3.8528060321418014 4.959116151584573 9.907953475195006 1.0407903457557575 2.8932279351446013 7.479994734676719 3.017539969265643 8.597526348007909 7.573445781416038
8.411781570968493 6.3116751498006405 2.0742524646419227 5.127992941045227 5.697326334010824 3.344815574356306 3.0958537392785344 8.808545076207462 1.1711028268100487 7.020747416088841 2.5624534416595495 3.6897349994190587 2.288669383249281 5.9570755246761715 1.6240608784011255 2.6067825036869516 8.714373268879932 4.282167355220157 7.480856968831436 9.172407392902834 8.836776497107623 1.0314002671733293 8.001551082073323 2.6952215311371077 3.9608455688801985 4.888594333865866 4.269830217929012 7.819287423225212 6.56655740205108 6.329514652613603 2.770156829034093 2.9705602187021514 2.4725462545986785 3.0464134632417297 9.587699785306452 8.624350687247691 8.45993571565894 9.929582568540997 6.745357420489945 6.989184766358685 9.863139132955153 563.738637834285 5.350656133222493 7.366138159926028 8.035636485841565 3.0717432949006938 6.301331041520216 2.5217644564882877 9.032751537855438 4.2732265162461 1.1301693615548527 7.427301522987188 3.018768944804931 2.8756311329858497 7.333437063513214 2.159032931096392 2.7434511641422845 8.839417558734185 2.6854402323699778 4.714168597256334 2.5021941398513485 9.796788025510764 1.3827862796288966 8.238203507228086 1.812192539650411 4.165446092000612 7.397235868918016 4.770073423987149 4.775750259206779 6.684264323187181 4.063844122205887 8.648615080128433 3.4161676023018153 9.396052296210359 2.6971399184500524 9.733956189121317 9.455107069502542 4.390826731695969 9.935860578766857 3.389945278615751 7.774438567809729 8.692278266624365 6.980012092480047 9.972996719934853 4.219365224184541 5.660284849069895 9.91491144309495 6.157475017264927 5.422434897791676 5.527985732228083 7.31937782264393 4.58059154162841 8.471984832775622 6.654804892599361 8.29039351651121 4.275197194587303 2.53546714185677 7.7485632137691045 8.431894602924384 2.2911154885485816
3.880498773368089 4.379833552372611 6.851748951007671 9.6879299772191 5.273506982877913 3.573163712364007 2.3358254181803457 4.8999748586242315 9.9187288850417 1.5911693352266285 1.35259372883713 7.224362735915169 7.263082443457831 2.8110790933980168 5.291533924732196 1.1348048025427193 8.463696599295448 1.4087376964178848 9.492341421238947 8.41394600780178 7.42344803729136 8.481588156016187 4.048436564435417 1.196196403827046 4.859641324589375 7.723766984118073 3.1243361146674467 9.468930011208139 2.870343032357495 2.2926246174932237 4.981472116171338 2.4435616927218384 8.586345687345416 2.6970027870940747 6.646352815442503 4.44528218483292 1.9627901513209713 3.6249656894046827 9.495393808192489 8.709085131827237 5.941491824844733 7.556385776752329 510.16849954473867 3.462337767333981 9.103901662073545 9.39886313480858 2.8217308380028783 4.250549017898999 8.008099860396989 7.327260420108141 7.990224900289467 6.812196402449719 3.0590125397405417 3.393148357826928 3.344066067813768 2.7413981009556836 8.930833502516641 6.119790119124044 1.8427911877792238 3.7223472199203456 8.571527701358097 8.662142840198307 9.374270780894788 2.824529895891173 3.624705825696362 1.3934851780238704 2.4485691584658094 5.8253446418148025 4.278427940203766 1.3405687306095602 1.8070264443706514 8.770185502462033 5.836957063071668 6.947327105725697 8.323915735673264 2.2723129773378563 5.713023998785722 3.6330784592081486 8.598361031128164 5.502299916668717 6.2427990419770385 1.805556457535065 3.930701963423301 2.927309745871457 5.229515134936966 1.5613712571971439 7.068904551185367 2.7094231998500504 6.369374055219302 1.448226668988815 5.987751383920418 2.2886539150317047 6.097022760591037 6.2259853282998945 2.072254312262521 8.15578213442558 4.951716638968097 4.640759462315692 2.8108716043063975 1.7998314399173263
4.991396578922288 4.032081634532073 4.875835119383196 5.137417356091249 4.762456192143685 8.393619893214534 9.113338196143566 1.434887175299368 4.45452109326991 3.0355870996893755 1.4573408066002922 4.676530019331212 3.1106261999676486 6.3072821260281495 6.932710344977334 7.630453240879433 8.638018518812515 5.256167085506048 2.600109397261161 6.745627549207789 8.920359930503283 6.471557973231153 6.223377811201736 2.553934956568682 5.887900455460405 9.897311483408997 2.736798028674976 1.493978636156021 4.318100006083981 2.7938434166230945 9.505729207995568 9.309786843038038 7.10919683928531 3.3136726125501865 5.658033511446855 7.52925792865448 9.25754217233652 3.9580339150538624 7.727034449972577 3.108357516009837 9.426404140357654 4.565566656546115 2.4429887817304126 545.0090555353021 8.068366911974664 6.375070930280732 8.145585246389516 9.338144702367465 6.422043641397274 8.36854316247529 4.247726449264528 9.976235499148402 3.185507160701591 2.7210470698736944 8.41703910785061 6.565874444613422 1.2030978362215423 4.6964557430495315 6.48067784024269 7.574563491134221 2.5582092097423947 2.268268785855811 6.673194353273684 9.480153425506495 3.0632570411040674 6.4035865652917945 7.2355096354589525 8.142355058195196 3.3666421725712596 4.9031023140167305 5.039101680888101 5.672277769727039 6.047742306231434 8.911521867555948 8.94613674450328 3.1414241891703996 1.622081156964225 9.880038086434642 7.350840105093713 1.786786469740404 2.415064159544131 7.327807735423712 8.80725667781233 1.3509410893317408 6.836772515656554 3.140419326513073 4.238301781114046 6.143633924862672 1.5280995126319805 1.3112839940964474 5.717430840993091 1.6196686783299565 6.242128648848589 2.1607780409909676 4.825763252198132 7.121774173785561 1.8211125519476838 4.608085553445267 8.213332047350828 4.858187422230133
8.320823498370299 3.283310898302554 4.280490624813094 8.974491931355914 5.629609971991087 7.133757731209958 5.120845490564991 7.4846935555328935 4.603101074505679 7.8384770903445435 6.732372563322181 8.58178109460509 6.885181580058479 5.821742059965711 2.2095798705965786 3.9374679435289788 9.304056480085617 1.400496353020888 7.27695181122198 9.538024275920082 6.579039612897286 5.13645506064766 7.1033184062364025 6.057827916380211 9.314194691509403 7.4292509198403796 9.85487305826617 8.906118239007478 9.086612912416793 7.072983469449384 5.078855493703896 3.659431670324774 6.732526778236621 7.4348330572227574 1.138200821674009 8.46757628459304 9.863429221323157 6.796552920054048 7.400721395346889 4.549373011023894 3.247940033015513 1.784965504317931 6.201076803525158 6.622687045116914 611.6087241676547 8.000701782204699 2.175606940825773 6.383747350678282 5.931976839412614 4.887056840158024 8.859298912017927 8.002101635578361 8.492777734194231 4.919780437373909 9.979277101225824 8.366332085530104 3.808812364368161 2.8274283809573806 3.4096846338000595 2.7065061354581053 9.60511803134963 9.32777776762974 2.1411226664550873 7.185151419553254 5.430263202628235 3.7319644911271572 6.422844447798168 4.076061884275241 9.7739022494456 3.9468348134238225 7.236208345893656 2.5255398004649416 6.104804997359631 3.7335766927666754 8.786987820664981 1.2120497083160444 9.793240464179824 7.620110919811022 4.112659581847102 6.771835542459345 1.076059704935416 8.993403967385193 3.3270357771862136 7.856513734897047 1.659765124954978 6.041803441422676 8.482245442777085 6.7121391435677795 4.994412314476786 7.914142114802636 5.516881324268987 9.391734145696274 8.521623164023406 6.6066979657836375 7.798024555412613 1.296150950758094 2.455828939459094 7.4594238957394 9.22504410874248 4.2135683899825995
2.2452023268802965 2.4306992073598948 3.436406030157155 8.092624205108432 5.40730720989365 7.36294902427723 7.255985510321659 2.055812518012547 4.9037114847701275 5.97912396271098 5.869472455758737 4.747984084000463 8.104489316050778 2.5757529323248183 2.5405986388619457 2.9303928644066293 5.0560495904932665 3.5652437465693128 2.598609425895778 2.0066682245800314 3.1060581982339297 8.895447618144145 1.7507291543156027 9.284085091017936 5.141461178313703 7.647086654300519 3.018152062502456 7.569690112191589 1.8623218715025516 1.5697517894639545 2.272569189578103 2.708807119450719 1.1298201340537972 1.4906732788022607 8.69298995821407 9.134889943335828 2.8431808151935654 9.199160209825582 5.115599065757182 9.62123018807923 9.482288625293108 8.719457204570592 8.014614502991428 7.202851863512473 4.0460358973587525 546.8397766467311 6.96443957572279 2.1864204216813015 6.65762301489758 8.367104208285788 2.2472204146643353 1.4026370552938658 8.540157777429089 5.794325552457627 6.200573314426954 9.554184758577597 2.334634682585084 9.763248800213084 3.6429876345350327 5.911474677687358 3.7644452100733767 1.4534738960131204 8.209974883146682 9.374570215424994 5.814683121202161 7.915458619568114 2.4895752844789376 9.248153315925084 9.452862554379411 4.218677587906679 1.804648207176509 8.676796360033652 9.405055436185172 6.260117231072767 1.3279130380757689 6.756414386885618 9.890169179289957 5.959942387445993 3.1605279836595868 8.492693364202289 9.588558993924607 7.985886344079593 5.453629399010873 7.540330537243402 7.711160327951625 2.7859988877811057 3.6080888774732465 7.567895013121475 2.9553168276898854 2.2057015119673085 2.7266348267400353 9.766639605970804 6.6736125350496245 3.247915158822817 6.928503874378901 4.291118843419831 7.72532469797164 3.539107316015284 5.660767393485017 4.066992501588303
3.266076136569637 5.332591284169104 8.928197665845659 9.04597705088515 6.315466389567025 3.7289251000390022 8.930096718161504 1.2955705728989981 2.6206660894057294 6.104893799396366 9.305234024782044 3.957262385094869 2.097029395028236 7.104038151273895 5.777273052988232 3.420804885303942 3.6857315159287856 6.091642505857304 5.593853001707724 1.0575565835985097 1.1655070001313788 5.157140174440491 2.11913480376949 5.380529098253546 1.357446734174086 8.860420532861989 6.260452469128591 1.0002282515370091 1.4536191410644475 1.4549274085132196 6.193608907055152 1.2180855377350384 3.0843400228081443 3.1536339445313337 5.861509898349471 2.474418167181382 6.359532174301227 3.1202794252357804 5.422844559706196 7.086998287495821 2.7114644750569212 1.0881736540462557 2.8110084023299295 8.398498501691337 5.521057533231123 1.4558357668592188 490.73719369681976 9.796303320182174 5.729160226262332 2.6499781076235496 1.6963589657651328 9.672084423821794 1.1090162090796871 3.5862812890672 1.3974422130134683 9.520304045774852 2.6275357684520566 6.436856966585624 8.953556385951376 1.0633391912856367 2.4126102251669925 8.853059944637883 4.376735787266581 9.421196376741614 7.366862376690331 6.776393539602413 6.393281685735884 4.536243797777524 7.274896544556039 2.606920713489197 8.28262125672903 5.0678126708565125 3.607379381017328 5.372621622536693 1.492324307963269 5.038591013281464 3.985564389361002 8.532467965278858 5.386375099638279 4.134654729687072 9.858298669544512 2.8703164803386643 6.508938694629396 9.141446943476662 9.357675915380655 8.045732179822174 6.193009692913895 3.728810432453028 6.4656039583666995 3.225949324820577 5.852555460291973 7.16137899958535 5.208460889109462 2.5952586155039796 4.0000816661462455 5.9919500904433995 3.2603415725695175 3.7264642038820095 1.4611930459421734 5.782523624818521
6.963057463935467 4.752222192372217 5.249655281844484 3.6901928177012775 8.416471690265626 4.920417229414291 5.38465420201196 9.58157085561082 1.8065120488224236 7.386408552312808 3.892391013820948 8.287659364646675 4.774823243258818 5.436654235126037 1.373770614904267 1.6066032485937212 1.060593779922764 4.85586491331773 1.1749237694696912 3.1744142066538186 6.171422560507527 8.204009767917947 7.569341510430194 6.650728581341285 5.062798830254659 5.490946396544069 6.953629572429799 3.0301683229131573 9.715541555201654 8.237864253133917 7.381771350378088 2.6879705154330864 4.150345481701348 4.552156180966738 7.535061945219367 9.404664743767523 9.532294422336347 5.0018485427872035 4.165628013526124 4.141568010348796 6.084915576168875 4.558889614418572 6.255744513654687 4.726758771141877 3.2391097165069658 5.331230998537171 2.833050824725981 593.7671088899821 8.510913861652725 5.224687816347066 6.463807207015985 8.17033011978839 7.6614315048639465 5.211444549952133 9.62495806858546 4.935341745249477 3.771433285061014 7.661160858084891 8.167780548670914 4.985255796632547 6.719636856204107 7.070000523801333 7.650165414901211 8.288229524016224 9.229929025950801 9.766321730661263 2.026529489348679 8.919126008501982 6.578808475799377 7.294588867971639 3.938117513263249 7.576280611555793 8.242884232694546 7.048879906154296 6.112902682541663 9.76459672961046 9.390144208854611 9.486715590092038 8.123621789342524 9.967365597169026 3.767510701632594 4.3238255031586235 5.8466557818176845 1.7794690490025586 5.756090446668049 1.8292203068004946 7.138256245090124 1.8588654554367714 1.2195563580220343 5.1510152073896815 3.6552945921523388 8.871931907541235 6.648503258044683 9.186589417772504 7.760063113493327 9.078413472694383 5.29784978291316 3.69539778494641 3.1100794121624142 9.94453786981053
3.7278594187557914 8.455439746432681 4.864009448187453 4.655757195402659 5.854772661484821 7.0264945373753624 1.379373197103785 6.266473085096445 9.466848544598932 9.317810191724043 1.7551589335169222 5.811553473894495 3.989286590003493 1.6344656364786188 2.796453246277653 1.2918824779218263 5.875256062195609 4.645495319821871 8.860704545192728 1.9853691711466634 9.996984777581577 5.555004763555498 7.951323767669893 9.847335501918666 3.6641041173786952 3.735978662811995 1.403590018250768 3.2511915944705403 9.743134715398067 4.0752628144580205 1.4946305333209844 5.196972299425595 6.575446793574149 2.308329389721799 4.977747469532039 1.4632925272030783 9.400868195507218 5.74426176708755 4.0403801645594655 4.987001147867639 4.850029732233206 2.958195702377408 6.662812957130222 8.88111941210208 9.927101147028104 1.9650493738021968 1.9573141548516853 4.55272517272205 550.4991169046212 2.2960065040230893 4.012916767415238 1.5473319251020643 9.732202045138537 9.124587341814395 9.934284189278856 2.9202334836072774 5.952752835711047 2.084460809154249 7.582473471420565 8.854497107462688 8.916776386331236 1.7171626070963009 5.859035179600793 9.274159853220317 5.602417465596568 3.2950693085505796 9.072232385673281 9.71265174268916 4.9264656768887285 8.386132741261441 4.44805660422216 7.28803741071543 2.9912661780832654 3.2802885390208187 6.371756471454701 3.7443549943992283 9.402709230680317 9.51797085339614 2.1547426390247977 9.522239184878334 4.730255559906918 3.105023349342166 1.2708435027390195 2.104437849222581 8.984376026753383 5.183877948407946 9.528534590054289 4.067271420255944 6.059337773122347 9.08436711137933 1.1737482473014338 3.0132151006767764 6.868183240167369 3.646970927427918 8.156212452243423 9.141187432974856 2.4377882750216595 7.234015569045933 9.64900996218525 4.894320921102858
1.2063711008162692 1.5273782426194686 9.387140922741178 7.289694651082241 4.6493225443599595 4.443935454601759 3.757574132894656 9.467775740446145 1.8799503717182744 1.6791553988681982 3.76754348809611 4.38505155854442 6.956283354788415 4.877391555089876 4.581054499454804 9.583825139088992 7.403304674709434 9.110279453596164 9.763038183961262 3.6444412776018655 8.923877973228953 6.110848457202942 1.508240588976193 1.9234436389469072 1.3751410913452489 9.111150431948882 4.856824082969871 2.46850581716873 9.483583526194854 1.217145415393996 3.2431352909057525 1.7519983588561647 5.243904151481676 3.2227845628473055 2.1403587722966466 7.3030572678984464 4.52079078128729 7.427852835350621 2.62919143083226 3.1520134294260496 7.170478953990344 6.9842162510716586 7.969528966791251 1.9394935146835288 8.04145135809626 8.882137231942902 8.066989454887661 3.0801834127931866 7.439832379338242 531.7467902973045 2.575228302815293 6.956190513169328 5.693074334623914 5.350804551874338 8.08499094040583 4.350504305057502 8.36794212773816 3.3877727198251164 2.8308505809194933 7.469793185567057 3.497427983159099 2.182473278979349 5.78163537927219 5.5711472703823315 5.61141984506816 3.3130476235624595 5.490361518064888 9.296115612488736 6.7998847553434585 4.803282440882991 4.914367964756294 1.553012074168039 7.675183685330927 1.8147549963776743 2.3407663155666203 3.8643736376389164 2.484304756102021 4.0624557513892885 8.799335060322335 9.914646446437823 1.719222668613216 4.391956026881814 9.408639371104307 8.291072122188918 7.636227831693512 8.463255365464349 2.022691500122286 3.7669652866288823 6.490944107292936 3.875331021005448 1.8572063733247561 8.475800938785927 3.6601291463934005 6.0198881897227645 3.4843153203205204 9.028125470547414 9.101996937168899 7.360192139693902 5.230655399587878 5.251302132101831
9.880229810496976 4.104241996828646 2.5615657335972584 4.530285371854761 9.315079373995545 8.625276791718473 2.2762994536685497 2.9228039669549704 2.8522063515722023 5.252547219322472 9.626566812298224 7.734784143773896 8.35994408850221 5.969036909386632 3.5328072706321536 8.359466144064937 3.453678766650629 6.74460236748979 1.4813451224882805 6.824570524915213 2.679298029138656 9.419471429105709 2.5440003847895185 5.711128491646796 9.708225331179863 3.0532525145224714 7.369733421517892 5.672309786302957 2.9248848055514163 3.7762542964434362 1.7086435123818455 1.051036276175386 1.3352034042539755 2.9047464793303774 4.631029143919056 4.1766830116970945 4.852387189051319 3.8887874259744963 2.183499514501144 1.326926436273134 7.722277683218261 6.862564576512756 5.322206917021532 3.41523365208959 4.377036305579001 1.7901735747995131 2.163570447888786 7.948167661406142 8.555127457689366 6.116904288624636 549.999425381521 2.5369338327922075 8.773944723798678 8.887415368967874 8.073377869645963 4.048411920863258 2.3820700210535435 8.28561293913426 2.5375221454318617 6.791973038645138 2.0100205331647634 5.280614686470306 5.41968639773774 3.8473968662403033 2.0162233410525285 5.745464323835215 2.465669904798193 2.2492123069012675 2.8271732145508364 9.331708854178393 5.623740508974211 3.481356302357126 3.7600048798319152 2.066648066400135 8.916013144927962 2.4146442123094154 5.416408081291129 9.101197915460965 8.856676745248276 5.971031197640106 9.905800514409815 5.744382524916496 9.587025748007248 7.697050717413235 5.308814665578117 3.9688665807232555 5.756737298657934 5.176282740025141 8.95092719883096 4.321846560333702 3.2504065331536376 8.376450388323827 4.648108217614505 9.734859813541032 9.32546859157781 9.6605593563927 9.537027181197056 9.947272123091528 7.955835895334156 9.658960084856204
7.820646699635531 4.005067180559467 7.679364144341441 1.538075910120379 3.1993759713417003 7.951806790341413 7.638656976170201 5.858268818693288 4.200799159121484 4.603135569448133 7.023884632709506 7.07631845094428 7.409373499053569 4.465533158905114 4.081572332822727 9.908538958522643 2.774231756493792 9.263012617398964 9.34247712088809 2.2249247080224652 6.592459319466387 7.851877612835474 6.280442185001979 6.027143747825129 9.024547799172923 9.962835341363077 4.513596273731472 8.715528328443737 9.45525469309732 4.81919794046004 8.950037116478892 7.046994495616041 2.6277729995178962 3.116359814845348 4.848572566619587 5.372596472934796 8.40129452693642 9.700729301372263 4.078968883496449 1.4638839885589956 5.438501855734908 2.2589439802029383 7.381177194346002 5.214202471270644 9.552339413937233 7.583366184741353 5.497645801760875 3.049445802069032 8.714390289094435 2.338868491779121 7.842410865914289 618.3789177530729 4.017582755271281 8.301460041953453 9.91101065593217 3.853716957688155 6.05329052551367 5.74891759253344 5.2904909477438915 8.796680510250411 9.745322624037492 1.806601820451356 9.41255433342989 1.7162562855287156 2.5392649444448665 5.074797292019725 6.246439814711952 6.361559879770581 9.6442143126078 8.597207311132216 9.913015344986395 8.497549543453012 7.4668326518261985 3.147713164644217 4.717849089558507 1.3116892927114019 9.506748331370042 8.430889387956633 3.3209960341352867 8.023026079224856 7.124669759945782 9.151225695610114 3.014298312778722 5.529207841005223 7.582744601216547 3.3149278801411395 9.367107287727853 7.887365296306479 9.508712151204293 7.281728318291969 2.237389989036554 6.471660764598262 9.004240160272955 7.435782890568503 1.42880035501588 9.907692432124248 5.306948624760065 8.046701276963574 3.6728761358289854 4.598607861732753
6.063867600872739 9.558912849836226 2.3842376356256993 9.957392848179168 3.3491777718764846 7.671256457120693 1.2319499070429476 5.256300562886657 8.449120924476873 3.2805015707318446 2.3280315309539827 7.2726579254167545 7.539882591091892 8.246659942959269 9.14689702612339 7.2757674703929816 4.792744304763575 3.16011125376804 9.064927706505665 3.5654655635791155 4.900093576162134 2.628455282859141 9.452882140133397 8.970991659195667 7.0828205804962305 2.4431437976343586 6.094902847355539 1.1764666850001664 9.861033028451192 4.201675996482502 9.079229154539792 7.389691272056371 8.18947384557669 1.1053814284186192 5.22443751756539 6.83650657983562 3.607781952275406 8.462496394952257 5.5503752845608485 7.117840504565875 8.48442781009026 4.098329374286665 7.257143796371551 7.444039715316296 5.985309390730258 3.723933968878643 1.2280020288357083 7.916791185763461 6.619922661207303 4.8981616932968866 7.643061556767999 7.309081198436915 598.419477091389 3.6876932668108537 1.4334533706983814 3.530516552913424 7.334908057263744 2.2437441072096798 9.77416643327345 6.20627852518061 7.122579458084841 2.818627638680427 9.590493113909956 7.136516469754536 5.943055742029651 1.569521229477107 7.266384868823248 1.786621272188217 2.1025944411917394 1.2563197379763438 9.871287359311632 5.499710502490044 6.1727200667292506 4.7273815416988 7.721376165766506 8.697566936934058 7.870417319717155 8.654304076150298 6.764183357507731 8.2451289105737 3.890775997803624 8.791780322220312 1.2803594964636567 9.558523086391057 7.7991881696399865 6.4586122529265495 9.47359798551204 1.9365085746821984 8.446229479791995 6.439732490228587 2.698180355333143 7.682851681928777 8.72818323370263 7.70404510873076 8.120542527708977 7.881726131120654 2.0903038804300538 9.096408308070405 5.494113502010721 3.336409303683761
2.502339113760063 4.553725494532849 4.027928117046073 3.597218094438493 1.6185600607489503 6.222447058217927 1.7224888330249424 4.340192424920768 1.5010349653135573 6.301326224469896 5.109772044688994 4.225841051381309 3.487377054753067 5.36273673833937 4.7620492646391925 2.451505968945301 1.6014920077003276 3.142507623521463 3.7263653336679425 4.369192885922111 9.905812955375282 9.140170932644955 9.408393635293226 3.58747129535939 4.555530745180171 1.921396945597769 3.710252502793259 4.769113458979348 8.972597582793416 3.524700500614065 5.624180490045978 1.2226667844978074 2.911687587606619 3.41296970187102 5.889815027764369 3.789910686926975 9.797430494632826 7.413742201157147 4.542098389804111 7.09853732887162 3.5147740199013295 1.3599230166944332 3.6583517122023324 3.3626259234637876 8.798073348648781 2.683101724108811 1.0360056230419872 7.767488400567631 7.802673445077343 3.657270299401454 2.5532233981377948 6.8577738594088915 1.2472948928953682 492.2054568056914 5.7590830629078855 5.963974143188408 3.8495949022575653 7.780359852559107 6.0446752369470005 6.98358727888905 1.5162433543241651 1.3115482423079248 4.7881359987405485 7.895879693591314 5.1891115549292195 6.254133495752177 2.0464059575530635 2.1305966138262553 4.928788169249852 3.353866349715809 9.674304153911553 2.807375970728182 4.677876478013125 5.914861535791893 8.291502093617423 2.66072569494714 3.918058036761741 5.086272339934831 2.422404061033824 4.925297313015774 8.986135683801045 7.341547607558104 2.0477988974076684 5.4305241725458755 7.839863854061473 3.6757047528567033 5.962039319858777 3.222872781122885 5.235283985090036 9.351765129165763 8.409416429454216 6.402266462224529 9.720539580315544 2.4945432244842176 4.11470885713258 7.257949330533409 1.997901374291771 7.684467632157838 6.337679927677981 7.599521666289599
4.378798975088149 9.89629542775266 5.608117040654405 8.106007906137215 8.291428293243197 9.605639766038355 2.602091065192316 5.549558609465027 4.518959068406609 8.104658968977766 4.440521789746677 2.0322766036879063 9.131474856140263 6.779377094152824 1.4685095290541754 4.165434546092168 3.863606582057893 4.940092425943491 5.092389140854047 2.658392375137347 1.248065807541359 5.731438074038266 9.746355331803551 6.275867428268062 7.206267043590249 8.056559347413767 5.814435815875508 1.2210724459464608 5.149194615525213 5.1507114928108235 7.47069163246252 2.4193053302216327 4.228250332510928 7.450725673630411 8.038319268507614 8.576427646525776 4.781406283507713 9.071328937313538 5.234736605190966 4.8984572666101585 5.858391881771197 4.226910413546765 2.740308316102445 3.309183841627449 7.76022248642526 9.242035122425744 5.621513660915203 7.0828425770346755 6.614026202451461 4.562700969989543 1.79025595937209 7.368883367766534 8.918927833447645 2.355422212842723 567.584033434846 7.383104921312582 8.953810434785714 2.5268270501124164 6.260522449607628 4.334494349440494 6.8433533028347835 8.376499088109544 5.556322341309414 4.817594272415577 4.594212598295471 9.624374351449372 5.07487683924558 2.836778602328869 6.891882495153138 4.524334150560551 6.721578138291617 5.267971564040174 2.0986795180573576 9.17947989491397 7.353417408815614 1.874798393140562 1.9209402234055681 3.722372273811432 9.366556935804574 2.3565766483395163 2.811966462373827 4.7460411326987995 6.3291176898426595 7.625675284696543 1.992578366869483 8.27660068472682 9.962828435897649 4.687976545028212 6.569644453405674 5.034448996483323 3.21366245364465 4.633792155500973 6.577259134693022 1.0308949863575485 5.608098015222214 4.444587934734325 6.779925875925058 9.582739550567807 9.679528448065911 9.497156203193219
3.618908278924122 8.618463577821668 7.266523513912345 1.8536879918303026 2.291138505009598 7.571007558747765 2.5622697084702897 6.404590461490268 1.0005401045781837 1.2341091225212324 7.6142292390183295 4.118735322229533 2.864983397290131 7.890946708271338 3.192166916861016 4.898845985253182 6.9311180360405835 6.501104572993766 6.538311763163548 7.774482227006498 3.4945533793096164 2.124294734158805 5.043781450084107 1.1401649258833542 5.419839059040666 1.636059976560516 2.4544493729085115 6.742650576601158 2.9761706332291 5.541205187256845 8.16263463847654 7.640264221199496 5.414548846415962 6.003875757628457 7.705591745583084 7.908615593777034 7.929328800314237 4.041012494903508 7.914043481308782 3.498707544167718 2.0024613887966725 5.829088394247669 1.2957093002440705 3.056520424098961 6.089414499014715 6.874301692433388 7.8162624181297735 2.7272460578220095 9.84348545805829 1.4607775504834124 1.5647204196124174 7.857783489975555 9.148904804620248 7.091713665696042 7.377735453669603 521.2300717852389 4.9179522296289475 6.6285280844197585 4.927941716839021 6.175063961600303 3.869523513949676 9.028103464317375 8.496035209398407 2.211795774146115 5.65296225696298 3.1749031122043427 4.592030524749939 8.307168993052716 4.06079971774039 1.490481726494444 4.0471005158634785 2.673108489090851 1.2918685811332316 7.846555341612566 6.256116902872956 9.724401488555817 5.831643410261999 3.8549919729006246 3.468127820832554 1.6645430246213753 5.840747318644143 6.59378382042693 8.870939981883307 5.763988533594221 9.459492763195103 5.637136746979692 6.8540911224568335 2.0734558571743595 2.7424272619711405 7.621334860680489 2.472470207999193 7.671658151701218 2.8829864179594487 8.569127095000038 2.810810145416876 4.001988845548111 7.539066335654445 4.205827881483362 7.116108438458831 7.7255573975606655
4.944474001116252 2.7792932685489804 5.39212850278099 7.102333206954464 6.487073230786388 3.167509466488614 6.429120029848054 6.4633818979075155 2.943951725259142 1.108678037711468 8.08874891483683 8.60118695050513 4.68657755343845 5.032280735873446 3.2681182803987294 3.710690450523571 2.406009360939451 8.852328549937337 5.030806329164295 1.5535777530564603 8.114539215520413 5.045329907547103 4.825210695659311 4.871451634042047 7.7161297211659 9.348058121115999 7.5231154375281175 1.9349025545144447 5.779082715443812 8.348569770534061 6.14177712680057 6.067101006936748 4.137753074593797 1.0864725068160848 8.984321888397876 6.795687240680763 1.3201117090514012 8.709171954742413 6.749670935917079 9.680074589262766 7.009111954182277 1.8135752231103823 6.92788537851075 4.223692511161889 4.704160068924617 6.582755281063333 5.979641630959482 5.612808470444241 5.9333474732742255 6.909703968797366 4.634163463393143 6.8562650696846985 4.809908167221869 4.659725340225549 8.301548745642982 4.999659073998597 550.3817823790812 6.3914565895571265 4.860788007189491 4.120731984702525 3.1812350945966 5.923496314757647 2.0443921163976166 2.027640991998689 5.361651319869722 9.511562799827825 7.578971220380727 5.4315698962429835 2.259219087243234 8.952326443626347 8.719382105582708 7.811977065660615 1.8051690086609233 4.1342636383854545 4.8229880879043705 3.9184407594325186 8.29299427784492 1.6931386646956423 7.678166577547257 2.353895394353169 3.465637442174807 8.524465012190603 3.8017002275064966 9.04880383052332 8.41016802744264 9.81686723964729 8.493864582588841 2.1363649487159164 9.934305106791564 7.594034094006608 7.22955273041476 9.017396997755789 2.092391231654069 9.033735863005795 1.7507018998206028 5.931844956759639 1.5749514028101836 2.701999436646843 1.8234087708804574 4.042397995658504
8.488882840298045 1.4359088183656747 1.3878383783625354 9.413088538755565 1.169477700584752 5.604750746938096 9.391968316160348 7.10583837278951 1.401373535984107 3.0147206030432105 4.533054361685979 3.6551642957481896 9.680158064552636 5.2312290226177245 9.187331889187101 8.889219384192973 7.376338971923101 5.134461004404345 3.255030263968516 7.7637258543375545 2.4338789910041103 3.801167754003633 4.365769547999492 4.982318042912618 9.45698250928239 9.192477186323732 7.859571968688733 4.958038767231475 2.638404678571956 4.019768023518114 1.3694716844860721 7.170203130822767 6.927168438788098 2.399861878720458 9.236178721043599 5.831542224320052 5.453476452131585 5.913708765787163 4.425604250362559 2.6085483799560913 8.501164941895727 1.618774166696263 8.32662535316912 8.590392431680314 2.8475239759910913 7.714926937791281 2.103348274399164 4.1006037731099765 3.127068508674558 3.1284914455817536 2.591612544368616 7.947510574539254 6.2690737137929355 4.6920097974221715 9.84101237658232 7.344498559008696 7.923816511294657 554.8512280954086 2.452398916665307 4.856981435602609 3.1686058274162736 3.291479878011106 9.853831518642952 4.361265788548538 6.151334434582934 7.066561086698126 9.081991852933365 5.699822329943379 2.931500359203426 4.0722859989455324 4.275419425126975 6.670273743958714 1.6950446273123483 5.575211187673354 4.024998880813042 7.5001043156126155 6.491531898415961 9.00885052745182 9.483826400691042 2.280393351409878 1.8672784656391328 1.6019795064016706 8.264713316777486 7.951060447503798 8.329205501607163 7.964247001337907 7.500614243531422 7.835437688418764 4.942112496526688 4.735499102638208 6.799821145176534 3.0475033878355235 4.560034348121484 7.757362358877087 6.278541845646029 7.75490832046031 6.917161932696932 1.6270966649195846 3.8026276731240984 6.058100300502609
2.4301377691165427 3.3481517599699724 4.898433143260256 6.819621523914848 4.795421937570133 3.604603197838573 7.303513457395704 8.613374488283581 5.672590335685512 7.187223308645795 8.184898787519188 1.0638185690597861 5.156710187274673 2.078073101475428 6.333427318225013 1.2092485792585774 1.3884832073461857 1.1573977516967693 4.812821732463622 5.05054155296689 9.465940287579198 2.723342411789101 1.510731971911044 4.314374811441069 6.702227209746178 6.79598996667018 5.747623286110733 7.710471876128361 2.7199121651720892 2.485702687857959 9.971273487391628 1.5808323778740867 6.729604868626349 7.90391024625069 1.4033804483414398 7.052332220944193 1.6977886841073901 4.158083077582039 4.287950842782045 8.479398058342271 9.220177505592403 2.822825306476902 2.307190546012073 9.78414629384034 2.7392754205260417 8.66871423035833 7.309352541274437 8.141361814489493 1.2174015803795575 4.74138791216049 1.2888576900778084 1.8558211701767675 6.190230528203277 6.688443133380405 4.504813723193484 3.157868824800686 2.955914063132847 1.7951998693103954 548.271258155239 6.782626194216024 9.223027241795062 8.683150765472789 6.921921661689778 4.6825932857210475 7.906475987717645 4.328441778332268 4.102597741078738 8.301497637449705 8.08355850658614 9.186396542272144 5.83706506951626 3.3428782125405725 7.242133799998161 8.572723669886052 5.881208467530677 7.762205065254582 8.3123825624393 1.1033364593560226 1.6667030715005922 6.812499231639268 1.2010492833474509 9.62546324954347 4.3514852096717185 8.651944677426071 9.775982364182129 3.7175657520209633 5.973200788231845 9.120540132123384 4.614830901139287 5.303964790920518 8.19319139820739 4.077130204801307 9.629283523261062 6.017000566887731 5.157889133995118 2.862615786916712 8.07857704766151 8.42925609424897 7.635705468853306 9.68816808594397
4.581060858485569 3.99546766624308 4.93223705304886 7.1248113228076395 3.9992802646940735 4.717660912012063 2.592724051746281 1.3849624261340767 2.39780501812492 2.1367666871617743 6.921529813893551 3.1075492140578636 3.735444527487211 4.248413714284739 7.177564504792857 6.140426770769106 5.395724877407542 7.361925715411822 2.0751498187258033 7.875194700992276 2.198097351779917 9.941399509792008 5.214350014799158 5.523260841854532 4.368175195431263 6.678272180098223 9.31255913529949 8.873828314373707 2.8322110765593704 4.13517439063129 2.919582020205259 5.683123340211871 8.598222186475672 2.2944749029228158 5.254460689986002 6.843246642997719 3.493542758851173 6.165228339663047 9.648854146904917 7.577002877295057 8.918834853795671 1.945719626203378 3.941351105926764 5.249233114426776 8.293091597244082 7.588065025257116 3.232116558187543 9.305282631519924 6.865133774034883 7.063694255406942 1.268063363920235 8.613242681134649 6.286555283199176 1.7234298824408998 3.974828932207796 7.203195316046157 7.298235335134634 8.478823561878546 1.2106006928759934 577.0315289379897 7.604161050974365 5.968519007625122 8.902321857877137 8.516962789157816 7.64070929713477 8.13791942614171 3.7921475533565285 1.9717193342752397 8.990674542243761 3.4259138396260385 3.210377935360377 9.827036632640858 5.865656749633743 6.442754706852199 5.779476319130082 7.908184491321467 9.123859508068964 5.209259601769029 9.036739684567836 1.2422573852490055 9.237488478258742 9.37989481787201 4.441749737364249 7.693373196382464 2.5610807487272234 8.229681187472952 8.95070518184936 1.1501125082925547 9.531529230738993 3.1093283701054664 8.478446641693209 7.791773083581962 3.3244553712202647 1.9272648397819476 5.058833781101388 7.399828679316531 4.852570831534486 9.62094502340479 5.688586728430846 9.033846333199088
7.043818659172146 1.833896054076876 9.87092364585563 7.234785256638379 1.1842793727488852 5.573664114570232 4.35369245619771 2.6752502182515374 3.8153917802410287 9.956819474975386 3.273988407787111 1.0895184254665264 7.789685389160345 8.9750656121543 9.74350046971673 9.266511743553027 3.7055741392706802 4.016861987923199 8.900505160051207 7.40486382037026 9.418337851462523 5.052031102283044 4.954470180194687 5.352842712377148 5.379364956438866 9.569746221066284 5.278526855547607 8.5144720094018 4.29300703068174 7.869910890433528 9.976081766378556 1.5826508433638689 5.265862675883899 4.440663578381646 6.555486953441083 1.2090238398381858 7.52175295988363 9.409819178690341 2.4168676101430595 7.252321423988306 2.354299511684964 3.330204697823253 8.61919966725047 7.323316192518854 9.364967212980675 6.246963182480801 6.467851439915972 5.2545248663000335 1.5515792521034677 6.227811678412952 9.564813898553762 8.747210200633994 8.010269659141336 8.02200030537918 7.1126203321575945 3.4629334298670176 2.3324303418011563 3.634034632445612 6.017346990762195 1.974365562278793 581.6823318489141 1.546817880135687 4.702930735579228 5.6042869954070245 9.977877736942933 5.83686230386033 5.984838946693058 5.860149737947033 5.898698131269589 7.14261889783368 7.052451166952079 2.4112405069492713 5.097811705399334 7.87982498814491 2.426129842558967 1.100785380801755 6.478050354854321 6.352657619650033 9.55932408463987 5.303104774776047 8.416650773792714 6.655739487424016 6.12651735526481 5.333389268153883 1.5693299484101453 5.643719252546938 9.387748468867706 3.6798973556663714 8.97241453472686 6.149745406146695 4.293297772155826 6.31806211699899 4.373339393761485 6.877352321749852 1.9827312806645676 6.022190709260335 7.742934159369368 1.1219261996455123 6.714672651702124 8.551250561019247
4.960981460061466 7.467305757512956 2.0319150782060333 1.010998153423985 6.705569040076649 2.565350199943147 3.3382129084294205 8.670578806120076 7.8721362912451776 5.050392877349792 4.676492347851684 5.59063150470037 2.6590531592857505 5.779215982316141 4.978909833430117 8.931010427517796 4.713786368360726 1.346464128548101 5.856495556293435 4.680760629102038 6.9346434128891055 4.722901140859117 6.2303612810081495 9.25652258573697 6.920880622948368 1.3357787764106965 5.31456496752985 7.421093505174477 1.9006934130020783 8.78412871535383 7.444283086042688 8.578643903649109 1.9559240970607101 2.0877608614128267 8.910357972850717 1.5745184032525716 4.4573212431496145 1.5605485029656276 2.43451766415635 5.500446546848434 8.30480047853932 3.8968783074898012 6.131570977258531 3.5629427895916166 4.75350868109261 9.686699039027836 4.528929563743866 7.341978666361231 4.097530849734921 8.782675190184403 6.919789903372214 4.1460169168823215 6.6828801473399935 7.493654131561639 8.145896744401568 9.826768100026895 3.5627579447261764 9.321659862848088 7.872380020064418 4.550682801752089 8.22533075682778 549.772610544986 2.9685865946627596 3.2683826906165763 5.884904833713811 4.278107013260325 7.352817364810839 2.6144356231102366 9.548388028718996 1.5524587252837385 3.8325432832110744 8.491430701325683 8.046160439262485 8.393575793644098 6.2181673970114 3.7317981571317427 3.318869428957946 1.168428514273875 6.597684887775077 4.9480096408636545 6.492242604845268 6.583347268904838 6.986028586488205 1.7787185329922814 2.13879450184245 3.118545884481663 7.87749520727105 4.9691364391235044 8.952484389750795 8.673831780586006 6.629373951207026 2.9637771084068474 6.290850727630194 3.5046093002181817 7.816767612103062 9.685694596696532 3.9853581714108195 3.767329593610354 7.247723589075768 4.013361413637141
3.2957808359245035 3.6119962115380275 7.414410100511604 2.3577462321472713 8.417273956273444 2.726354745328512 9.47020220243226 1.2974870440488546 3.2556656171508105 8.058094825435699 5.208953901240596 8.028020559678362 6.2478149804901575 9.812559488077119 3.6818150226411 9.45376966146302 9.16043092323976 2.3758240117443843 6.014585779706349 3.962015947778483 9.780560987677632 9.715337922606174 1.7153826183229017 5.714076963854353 2.4263254685697158 9.439569549535394 2.18507732151524 1.8033673854717804 4.787052218579203 6.584230640161155 9.54682866957225 4.904634270326062 4.3507665898175505 3.6115520262347722 8.295428550280505 4.067856973019893 5.7507401882286295 5.742793441390477 2.403181277593459 6.690536656459427 4.456772200553331 4.562250128552115 6.41521440603687 2.204877540194665 5.436693483307563 5.127942968101763 4.435896848328963 6.925816317063477 7.6333346437411915 1.320586659341675 5.677869412113411 4.280697632680147 5.50525829859002 8.242014139795216 9.29794974800071 7.937333098651226 9.286029583531057 5.34322906873859 9.109651378874148 1.278969544628076 7.415960343498022 6.095250507153287 554.249699676532 9.402129266413201 1.6915352068248093 4.927233775045414 8.638351944517698 2.6793311410503726 3.2506665945362494 8.606898672241641 5.626677312874006 4.208744024032924 8.257861327521175 2.558490739897109 7.2056563796333 1.276664816364723 2.058585116427029 4.395620059584807 6.666922300273027 5.493151747079183 8.435503986524997 9.781843941181213 6.930647910367109 3.2752904213868663 8.031381666898408 5.8683749790154405 8.414426168627044 2.2758916193413254 7.451503381053311 2.8892735234023457 2.169687383615564 9.672942308833123 2.7739243000860707 3.066973875551956 6.602151761503278 4.04731077117415 3.6227153645925236 7.240720594719779 7.0884740646621545 3.7226161878766746
4.301725774099882 8.169269562757048 9.624048364949667 8.793962519432956 6.600420224063957 5.046702589162222 7.802956798958953 9.563939437591065 8.3969239679231 5.683476879088932 2.8426328519658086 4.342144664981587 3.613260187602799 5.233252285178334 1.9683783439373772 7.674623744095082 5.921804414895159 4.169082389246108 3.6891719174372803 6.22155468899291 9.075144765479882 2.8560201175963904 3.2682816692120116 8.165183598190518 5.12157051301521 5.384784197288129 6.568400735882705 7.3870425401024695 4.823576261703661 1.1877601796402537 6.975762655596354 4.4460205791302165 8.32161070452712 3.367850294561366 2.050847649247664 4.380361941135877 4.198630140693062 5.3599180658215975 6.256419246766588 4.666792688884975 8.684075132680093 5.707504354582981 2.13763485399965 4.324694137172857 8.631159150528584 2.591421566025716 1.38282549979315 8.467234686083902 9.863748638678288 8.038925091713553 7.715164841693236 4.00725575691433 4.85000350651076 9.25674404828533 4.750157551434382 3.7174972065969913 1.3998982227486338 2.6765029203830695 3.42542267979504 9.616403042238865 1.6383617683718894 7.840767738687844 2.5009473112348464 552.8030551564087 6.5881661069797275 1.2489304986412944 4.97410849606767 3.5016029336150756 7.684861904420387 9.137869204279772 9.66982854919351 5.446280228220873 3.0774410785458204 9.390252310230093 2.3720029770708853 5.676623213530607 1.6982168809671918 2.7939924539858056 3.380750601802546 4.364445974036904 9.360377570595466 6.1770811241385 6.807920672005821 6.499895847090442 9.726162177797093 9.990805831263517 6.255695577450592 6.214340011701597 4.356280921437982 1.3939316593158735 8.786139360517048 8.226554110754563 2.784564034946972 6.848704554610964 3.3437975704205156 9.356677074721215 2.7371576911037057 3.860617756452299 3.7990154420442317 5.821357558205791
7.938187192653484 6.223075776873168 6.928223407958704 5.826650054773252 2.819733789212074 5.097650976181672 8.716267488621721 9.86263428069659 2.0753623748481758 2.8193474107946135 4.82646651160872 9.3560605135573 1.805275833878731 2.166754985268153 8.757130567875052 7.403060308866641 6.521695464888829 4.7108649789420705 1.5875866708491304 3.042494562427785 3.9833872487363275 9.587184750938547 3.493392921159659 1.2043902673908007 6.639561429425903 2.165514234602572 9.380112024400294 9.912173292531179 6.916563380911472 7.50189876435482 7.884555021432402 6.332764188050621 8.572080633502603 5.792548018126878 7.484980687430184 6.956155389046048 9.78947377589141 4.615639070644214 4.334142730155528 4.356173764042747 8.212286421940485 1.1765942073794498 1.547708730825994 3.0485854890376847 7.211724855612404 8.469269466628573 6.495553484794758 2.355426064338523 9.420262170713853 8.749335463850306 5.789148748751565 4.961701794642101 6.729918173266467 3.813471166109074 6.362954723182668 3.494220230824377 6.3410511432745045 7.19561172483057 7.110353067605254 7.463248211765738 5.661501035152819 3.637205383545213 4.6632051751672705 7.123012621219693 587.8462197883046 4.833003197847937 3.491877448730677 3.0429999231177214 8.900898923714255 6.3135670669864075 4.2518665597406535 2.2745523431455403 1.821314639946336 8.979095851978297 8.150768029293463 2.915994458852765 1.9629245263943167 4.593285225873457 2.1361715473234875 9.425160148843586 6.770839035758783 4.192982271000443 8.459226779641755 2.639880860735233 6.117725678503253 7.973494590836263 8.11670261922783 8.66125870193364 1.7075787344798377 9.578970015762158 6.619823032568443 8.835006468722643 8.355888870801278 9.791000383480137 4.310877913668325 9.982917607274198 8.560141813912956 7.832919663228623 8.593725245656442 1.527286746198461
7.231511299755535 3.4575627354853813 7.4135067763308236 7.670579876056584 6.7853286975156895 6.777080164132987 5.316122705776195 8.70749295946835 4.310656568425838 5.3267883878194535 1.6778341343371208 8.019118692709258 2.348531943970956 4.952443624413647 4.681064349838451 5.299735979081161 4.531788056467138 9.297547980439209 4.342399430770982 9.983846397576713 5.752895217282134 5.47979175280913 5.422282469304246 5.829889768527683 4.046562432246377 4.896916354900956 8.329001904919703 4.018547181077199 4.127288659378372 8.922688573712993 6.048824556016553 6.142422584987853 8.19758405639137 4.190893255026399 5.300307940073271 1.2387849950989769 1.7593878678150703 8.421047617555597 8.13949813854628 6.822135574682979 4.020741788738116 6.768667519110173 5.620626097570752 5.634166662235566 4.206163225914028 4.409858367320709 2.8689505225558882 7.162702906299404 1.7070184509268977 1.7450542207245088 5.591360998425999 4.032328601764242 3.9062576805762346 7.062934095362756 7.36091638351456 3.0006960987538003 8.00060321398631 5.882870394190212 8.913604490883639 1.477994537979685 1.7196003963128996 8.453768232919593 7.868196424067523 1.1661307679553885 2.86754795370282 533.0986233636025 4.742690287310958 7.338841878760529 8.101999497439516 3.4395070738646725 7.893559410074455 7.711214386530107 3.9506387817430895 3.8343079980095145 9.23835215360384 1.5855864539542455 7.18188130190148 5.228222086443711 3.6737823250996304 2.6422524148805877 8.933412302977459 3.742829880738767 7.475138413388965 3.8952393998120063 3.801385239444855 8.437363850909332 1.9465598857537336 4.186441269600085 5.038321646209905 3.038222766196687 9.811551650004018 2.7439722693169117 8.652480005648869 5.849251481305263 3.6375302470922266 2.7210379921889305 9.105965968586107 2.9098575765774073 1.5566126679791878 5.343885828281666
3.4235346889608222 5.300011457111659 3.2727007842513367 7.2811633435287515 7.1707996688615605 2.5183961759300315 5.940166653574468 3.7813980386967363 2.3679417470812956 4.639911604620819 7.507275403975132 7.850778957427035 2.3384873454557695 4.980717985029596 1.3825058187758201 8.410700657254797 9.852919098269455 8.88296968721502 9.50831989210339 9.67464885164117 6.7569214455769355 5.017270869339119 9.390344610456323 5.19223533947678 7.0696190209676875 9.390627489696524 7.237423546934097 9.790088361517734 3.363314143103556 7.831771002015187 7.257903617059272 1.6687453305668685 8.02183467067383 8.087144280085655 1.599573122531024 2.758389859377483 5.997003820571549 3.23018611699625 8.804459889582342 3.684656753443348 4.555047426407654 2.793919228474996 4.016968813129647 3.244669687165024 4.759834525514497 5.514372264615286 4.2005080702895565 1.171450657439291 5.644854527298186 9.284263021465039 7.444960950600909 4.241872547042622 1.5526491735296992 1.2239190432713039 7.872334284687081 3.492585905217929 6.507714431844497 7.284163184929971 8.300177281642984 6.009848835117426 9.912528551588448 4.710223353902108 6.368738835625535 6.439993282602652 1.7990866059122563 1.8740961149032427 540.6468864085547 9.937233655808805 3.7198244689959354 3.5055299277649614 6.558478687469129 8.660270539842273 3.5895831494793695 8.669609744643267 5.777134789387231 8.220578910950763 4.2889125942348905 2.3620117134386067 7.684477490853107 5.389807593445779 4.6867415782587765 5.360885140817117 6.077935201947918 9.97578557162082 3.8368187958977025 6.863688362715704 6.069395124000639 4.678058768564144 3.023363278658433 2.908827033167864 2.691200033162267 1.1877044923037086 1.5037742832566354 5.508348665493568 6.882156126226592 7.132926686201996 1.481692234723024 3.4720258896587364 4.564754311049869 4.718168060129555
5.821211862552995 8.780861132419458 9.963355384202037 5.055782784135611 1.7741838152293543 5.946030033741032 7.210416551199795 9.438908051659162 6.7443513881740795 3.8637193496673032 5.365140261331685 5.3133106252243545 9.430182083502448 6.887766430500983 9.883227957966422 9.615328764859836 3.1581800748407285 6.340844552815248 8.706776310992876 8.51170294085645 1.2100213281393706 9.749273392929453 1.558972162988888 6.8870077067395155 8.117709533986396 9.053987763856144 1.9570133219005443 3.872737519070407 6.786804789131512 7.263228858815874 3.944763075759548 7.568347166208073 8.472211883514529 7.420786748182762 2.1398065462721845 1.399635558512971 5.77441944120559 1.1345084959264682 3.576012812321875 2.0886831213418158 8.689103795885432 3.627729450811442 2.0451731280552954 5.154383561869719 4.445358683469824 7.07721288265041 6.103259542567907 8.812545266910266 3.1553873901399205 9.716081031070493 4.176282395961927 2.4721349287897745 4.507549679013737 4.480979086352482 2.8751092386929336 9.783555684448903 5.294284677272967 3.581769911240058 2.855549642364921 2.6751514917798147 7.371657120226522 1.7334139131848627 2.376460377632708 1.849762690465294 9.398310713138642 1.268645203860419 6.405557423766154 547.1761122037572 5.686052618057809 7.37617481469563 6.305928332217925 2.101263430256626 4.142533855903418 4.4960821290443125 4.013377858593265 1.438261256853274 3.051426647204454 2.5004940250917027 6.945820503471193 1.4726066240581135 9.599057451045311 4.765421986751161 9.5913375857771 8.644779990793683 9.635771217694627 9.628658355727804 4.37343163740092 5.73660702674478 1.416697889459224 5.471567822966657 4.695188889535315 4.565384290232069 7.550663381644066 3.675376916299072 7.077249627521615 6.9829883404813655 9.243228383071527 5.5965358098169835 3.162305615334277 3.077300819913057
2.081164200867125 4.320807414125205 1.1972721017636037 5.519544245910661 7.119371684606 6.1548864307385 6.593408057794022 1.63980625510459 5.145730229892652 7.008436234104415 6.691539414135881 1.4910333503854345 8.357405975465143 9.086613680385478 2.2270427431758772 4.155411532146045 4.686174498861002 4.966258699857897 1.5776716543508287 5.4052706757567694 9.28113682947637 1.3069746993725788 5.693137421766263 8.780018270806135 9.17835791504097 6.585973473635398 4.051329157713045 7.913246597331041 5.698427650311421 6.25489614816074 5.5266802684661265 2.5381980907752038 5.471888742192281 1.8472415132247955 7.8573135550699895 2.105577087305316 5.3991019708440025 1.3669954987774036 2.394850823357938 7.991902295276737 9.762426597172245 3.7474206517270874 3.679745918538141 4.471407674399795 7.4002340630638095 6.039936279563832 8.748135598990636 4.984633820915633 2.6135212722477252 2.6927470790378623 9.621480040555697 5.747398555172033 9.479988782254308 7.097074393648543 2.8028771459716277 1.8160249784787594 3.0360622365337324 8.158225184380385 8.104626932170177 9.554368479352997 3.4567908118919144 1.2810209351430406 3.868385488442187 5.855354341107186 3.968006812933883 9.013025260891018 8.792035558420219 3.3030591578003947 519.5545351515414 3.378641530887955 5.652855681051435 9.085586405660553 5.8142735754788175 6.716406071437065 3.9595021519720985 5.482593259149407 6.023508794124935 4.486080252037858 1.455010496376416 5.42594652102409 6.545747524661175 6.631419572931428 5.8990263197212025 4.530314302028924 1.0511965627957005 9.463905155591917 4.069373926839971 1.1867747790565342 6.361113927223891 2.458770967499117 1.069431881641537 6.785961912360967 4.105502218211001 1.3562789461935758 5.80105769717924 1.4645495507535558 8.181783803186914 9.79912410255059 4.633273372729192 7.321660520277668
2.3804678000841673 1.9537464286675785 8.166988324260835 4.522504537739659 3.3433307500721314 5.222889272950005 6.190549520833265 3.3965858113162084 5.88754595663718 9.407349948051433 4.581739395839758 5.798713051688912 5.626426661272648 4.424996860972322 7.593535364629417 5.480692769764792 3.393984619230427 8.086074875946348 4.470266951907537 9.074736281584306 8.422998447022646 9.715316204303347 3.514342704102612 8.937962018945191 8.320580811423467 3.7564309631349833 6.734493331444816 3.3271947189588076 3.9965875626068437 6.761620764709005 6.623387644593688 8.15738620420704 3.162735864964003 7.492330835298444 5.274621030300487 4.058956417051088 4.808453546536247 3.695429011744377 5.49609180795547 2.317345954601477 6.091751721683749 5.422843193654075 3.43503088049518 8.161206473043883 1.4888173190418725 6.360412355664854 5.070555465362298 2.4797632098714115 1.161173445190104 9.145815251379297 1.3853930002687793 5.129472634128058 4.523243773536407 2.2601042994860228 2.9942526949943247 2.0947664847163625 3.931676879867606 2.0839393500417556 2.9586921188360997 5.203254966808149 2.959025864378414 9.087651565338437 9.807371306348555 5.446066406780441 8.106410360454404 5.553909772619079 7.626693827968739 3.5385478341877783 6.11410050019578 552.9371484024741 2.625034190773145 8.102299770654655 7.9624235946457524 8.303920422197844 4.338918199615023 1.9778812261742915 3.8455025442870916 2.8190424060626325 7.900189747452286 1.6562031546447338 2.940986368240454 8.032223823272396 4.855161325953982 7.6066196090636575 7.655396705969046 9.011157026124776 7.205930877758186 5.183591282026688 4.519499941113137 2.1418537894058125 8.222136956308724 7.337681133166243 8.51365651315458 9.875302040822188 8.005170827219361 7.070889031031001 3.65356953977847 7.5881062303440014 9.675300755171074 8.753960044554145
4.653945269458108 3.9249925033719193 2.899346622521991 7.4703161653951256 9.74079017082259 7.236218458902059 4.491449952044928 5.179637025698922 7.282676562991347 1.6906870598115566 7.325608352873655 2.7536615997352323 4.888941546277317 2.0924404910403 5.487725178652246 1.884973393946632 8.077284362802189 7.006457861342445 8.567348446295778 5.634243547632487 9.609044460171386 3.7368282339359578 9.485645399119601 2.293735742814797 6.1703345683421045 2.8161073278559394 8.794235852813276 2.624038671771233 3.5841890785328747 6.608015819268928 8.670200423414217 8.714085107664554 9.0720553827279 1.9943321078288088 2.171117389240055 1.8359149896019273 1.3406036609466918 4.029494761547221 5.146891137931112 7.085197761120007 9.799540347664816 1.6820995117004134 9.387528791705869 4.3212541091600425 5.846226638538823 7.3697157166677 6.702222280419847 8.339033138366394 5.666431957862116 5.717322276689066 2.7679647232317954 5.986817756599604 3.937497244756492 8.223319736304376 1.991593668837702 7.255568980251532 3.698766225356276 5.3525990536563475 1.3075875811507087 2.6532558690239263 6.64485832878387 7.6865816996428 7.741007445370224 5.653362078461015 2.1106319099832684 4.228598774796522 8.583470650874927 3.4851313074080377 2.099210981850504 8.484558969102466 549.51519984976 6.62084721442057 3.852903916603843 9.184689050310295 8.506993628538012 6.796500450530063 4.166771570043367 1.3352888350227108 8.58699159922187 1.9981431959768055 5.973833283752739 2.4479155596090134 5.110459836737301 1.993947092346253 8.488484650431348 8.39488063981214 9.53905851967031 1.097654354102506 8.145496780415325 7.605053737209174 3.021771186428412 8.89186521597422 4.0417672674319585 7.991359149951057 8.05366745573857 5.312189859246053 8.905363140197302 4.908408623938756 3.3512695949582207 4.0024495295929565
6.418113088439008 9.768741360308258 6.824207024708428 8.732782911124104 6.190332619834647 4.339503092052004 8.357430198847524 2.8645997232666227 1.2251189305772585 4.831468144251896 1.6023323498210589 3.868839546403639 9.718584877161243 7.962049901280306 4.723739680417266 7.438581163031289 4.533030791008068 5.077790919929251 1.8689189366830485 5.008917394419547 3.5087594451415933 3.941131819109988 5.544547920413087 9.89339808148639 2.666582111047091 9.853045634385849 7.368549042672742 5.099041273001436 3.7798388978587933 4.151811480969515 5.237132256728054 1.1014667221168304 4.4610731695549966 4.242257133002784 2.7555275361968654 6.757031549629314 6.723301100917468 1.6879269423314929 6.091452132500187 1.738770544369602 8.177952534569034 8.73463155743288 1.5705271438984343 5.780180414327698 5.6023119479482215 5.087452571508676 2.271437253729423 2.440109630816928 1.108249893658606 9.981717329341437 4.114559571594053 3.8044901301258145 6.461966328472402 6.658993671590306 9.703921418444832 7.362150904562196 2.061924639449866 4.588354027065651 9.269171777387397 9.68648809913336 5.952655835135771 3.7842859673931666 4.66179871740013 6.762244524622058 2.6891574945874006 2.888555896595873 1.516354196020973 6.167447968421297 4.647510699909562 8.765783368135565 4.645468236257243 537.1274903516734 8.05167910958523 7.6486610064036835 3.3129585334658307 9.227727685314662 2.4036199266003524 6.5213609092353275 2.5018430609397795 3.5043721162657127 3.106001959035118 6.414069345477071 2.870137581813707 4.644296405071461 6.653511948859359 7.1908127446489685 5.445765143025188 5.920720183295384 2.5258401416693483 4.145586498978567 3.890608228398226 3.489843854624554 7.134139374821564 7.739806891183831 9.564309247909073 7.361951154840681 6.413655158779997 4.386984511805081 8.945212639308053 9.169584262438175
9.92401096101781 7.341771435945784 9.394332000335002 5.777702311605189 9.115434631075285 1.3087722364331222 2.6940019276121205 3.2107388827381027 8.256572934820184 2.574354866408651 4.979955045682015 9.866385765178403 4.919883208426753 7.127047934987006 4.999636229595156 5.466433767668299 4.234710130473557 3.6556530096213375 7.282018010471095 1.4207816626347247 7.117803909737071 4.073518924817497 1.7474086103839372 7.515091887201766 1.5714440020532243 1.2300852648003513 6.364866740227619 7.801060654207087 4.311636535451376 3.818234277546983 1.1344287905079369 8.294439501432855 9.599212934208587 1.480381913378558 3.174243546716326 6.570406688021102 3.1278585563167782 9.509138268067954 9.043465031287687 9.128596010795777 7.073969251485465 3.470984417814679 4.640770575501105 2.5336523841703293 6.604237279305941 5.947947067721714 9.835889845492755 8.041074520033927 3.0493411033291453 2.191369428474358 6.950924497009917 9.852217582128317 5.541486366149358 9.380855293500025 9.279018515632169 2.117053452329868 7.95898281442558 5.6755148382327265 3.2942053997103784 8.91402878520347 2.768268861765048 7.794792335561475 1.6568678932174672 9.629465238865999 3.253597703151298 4.966144081326105 9.729506049358095 2.6337305949266225 6.278140399345058 3.18303697164329 4.454231836775321 7.182425320066693 547.207120397294 5.092697039589753 3.108546865401167 2.295121091207073 2.6415826436994894 7.101900486384874 7.159755372812108 7.86500761191361 6.581431527405518 3.980737211012545 3.1921351117104426 9.898705480251103 8.404967199121488 2.3059593874134627 8.613411253011027 7.335022504519697 6.355015488890349 6.156813239209474 4.31583544886895 4.866055725994287 4.7386539160420025 3.747194316182384 9.781825878629478 1.0337167887475691 2.3631060759458826 2.6651835491836415 3.939015836532478 2.797621506973356
6.903662290870174 6.525013952511018 5.550934543819712 9.829242505272862 4.290922914118795 1.6394038632740089 6.949991851713362 1.4285305042485466 5.106243025480562 9.77074474647612 9.933354463830774 4.07015710714841 9.583560744187622 6.721216286772292 3.298613364568863 3.8348925561757516 5.7397999394180514 1.7668305947822212 7.0278402767372 3.9360428130192187 9.60272533587598 7.7174681105059975 6.040206586787315 5.182883259490236 1.479185426071368 5.860351820218393 5.293624225183539 9.206846116516347 6.999493959613726 9.381837527262318 2.691381405251491 4.97172555608647 4.804243831074263 9.036509235713918 4.457942871544065 9.69668701838366 6.324974986439743 5.998234552411589 7.940623501958568 4.892660398080801 1.399807155782128 1.3660384592733208 4.627625921437358 7.1663860550702525 3.989729298269717 6.510533380020712 1.1536020133031493 9.913130768116497 4.846986405740016 1.0847642514812619 4.254758892149439 2.2484579253084 5.9578113329437645 8.370110009822763 5.680646411795596 3.5286073629285215 3.910502010543707 8.028304422942558 7.337596709778691 6.087385600345457 3.6717715050329187 9.10074442483871 1.4906697407067682 2.6430349883675706 1.2791852079190993 9.899975478543428 6.088865572885628 6.368610779112738 8.135034386611212 2.639440685302063 1.2920311665433526 1.0330924221272948 2.8454683134755667 547.0005381184868 6.3203855770969195 3.518445165443927 9.39426436663643 3.1187623185535096 7.422606950883839 3.044549138150781 9.204966777383932 2.5771263512370863 6.788155701690217 7.326816719905164 3.7733262358924966 8.80929567938568 1.2001386039826536 1.1502301435575448 1.6021538451897754 8.7360287910879 4.822459553555669 9.648581561438569 7.874252394134176 4.929438412177651 5.70643006896604 5.6688704574289925 7.87920735127096 7.331507853795259 6.611894894330155 3.4460906278619783
4.087533007181083 1.2718391267692026 5.568484387531056 8.373226820232201 5.833871648564927 6.095625108412067 3.150880982470404 2.7942473463559594 3.0769033704243185 7.140910790989318 4.704182096847266 4.520142494254509 9.344722722698783 6.75601346755466 6.019141476359762 9.021802972339422 7.2626857834003555 6.953173482158958 9.86266015956099 9.116065720966933 6.957641033162931 5.300946954592722 1.0107987672654564 8.166272504732893 9.764227140811037 2.122252712878267 4.823687113602496 4.4890500147850485 7.346076909447733 6.759075872539016 3.564240000177814 3.487774745767633 8.729334377771618 5.133177670820728 7.234919091280423 1.7072845347702426 2.9714545191194954 4.250814316296556 6.713559174170896 2.500081752829001 9.689572566322019 3.4622353940609454 9.958274582010851 3.1133853595396914 9.049073366305391 4.845797179729873 2.5016332765305513 8.105763945686737 1.3984318008626864 4.13119242884531 7.934993794611518 8.658841812270547 9.549483519371396 6.762550556799543 8.933831180327848 8.07621052773391 8.763657212066496 5.156527936226126 3.0554933097213315 9.015698173596883 7.833009849675945 5.190423339812863 2.381571106747463 7.00209462205054 1.6826037233665896 6.563473044550669 5.1668504135137265 1.485658942288501 6.885742974727721 5.145256531658974 4.5670841930661465 5.514982313509945 9.646387331208844 1.2578950785999483 559.3841510070644 5.846511755327895 8.779324695891617 7.294868849721128 2.5607892730317237 5.715027566365323 7.734032680920521 2.1884968528993385 5.193650275565319 9.165756596198756 3.983080266087054 2.899619479665628 5.121586059158646 2.0325654550352144 4.953919348328073 4.428364014768835 3.2123288638128464 7.75801274822055 7.833157058718018 5.665113173646026 2.172343461884205 1.4026257360620562 8.451770348107377 2.3109661137322206 9.568630837793538 5.259980115867899
3.36665147763762 8.59781775742048 2.014437019232169 9.361753803723879 7.668678984647547 5.060873267495378 6.6726325095470465 8.500506253624348 8.744977512418501 1.1327210290622185 7.08441952277832 1.4728789898836028 8.87225410987876 5.023535012664711 9.334356089306524 1.6899443467813824 3.461406652414977 7.369636160328711 3.4935808506773935 9.375482840599032 3.6523936922979625 2.234907839828537 5.682272137654248 1.976968213533205 4.781874886224111 3.265864838889708 5.399737594673233 6.085060598610758 7.683175227194354 3.2925418409659426 7.488394910890147 9.558212018046396 8.3719667043171 6.344894253022357 9.442449807986105 2.096920526430419 6.693565886088362 2.49935234825569 2.7983490093138528 3.201520969088933 9.36292352294804 7.420333162686057 5.612800374445181 6.069575850591601 1.7199191634028956 6.094087176194351 2.6952732857605017 6.995108949481072 6.068164697159078 9.704485008901694 7.5148416357212495 1.7545894471662067 5.563331833644646 7.746446448360838 8.389094506087552 8.048086299050436 7.493506874998276 2.9931494994752934 2.9420787557883594 6.999270967708668 8.827262237328434 5.438209199811841 2.0351582837152744 4.629393711307358 2.947004203307859 7.595204369263275 5.59239225047095 6.413743477227303 1.592252342990171 3.753173316879842 5.381272273804277 2.9515800850126794 9.279563319793976 4.492553273072144 5.769411581065379 551.3147302050326 9.82011995192519 8.27798924258283 3.311601867784013 2.5252082784473338 4.538102581333496 4.222793780234095 4.49684920311771 8.948649292906973 7.402742025337866 4.0658730981022995 2.005537099554436 7.683542408231125 8.572390836613199 3.7777523786631515 9.822239482845301 4.509666854911133 9.974547162369335 4.015372921122243 7.497624352650659 1.3458468646782205 6.590444383501046 1.7497543411093806 2.931614014983916 1.7457341154979988
6.312020202463069 9.555462690382011 2.750057075661286 7.736351598472827 5.3067107907846 8.156447738438118 9.301024461640347 8.435945267056912 3.907672198341351 4.519915905881929 3.7190330078102063 9.481927175397304 5.092313568245402 3.864507902990013 7.981932453015843 3.3029952314180324 5.061888612547984 6.648988922712833 3.5262127658760702 3.16592252955763 7.607237723419883 4.557098277730922 2.4282073166308313 6.895990222668241 4.519958961249897 6.945447533673301 4.808674674708242 8.86545878645731 6.062938390957519 8.405241072830677 1.3320039689047896 6.711408708749431 3.7786561400324596 3.037602195945442 5.155985983762441 7.234692627301133 2.529625603177514 9.603503660509253 8.916302296519698 9.334489312160422 4.643351948329741 8.076388016425625 3.139199671906641 5.403370297374595 2.2094422115978585 5.27161221138541 7.3170706882073855 5.411599692686629 6.42878604699105 5.942705803977831 2.4162726043811413 4.2698879663421945 6.64042672641487 3.206475776382317 7.963172754953843 7.850324602363207 1.090372302101441 2.420235413451431 4.8179617166341355 6.453110630026182 3.4202105631777235 9.139931896157654 4.205964483878947 4.270511424307286 8.249795025112238 9.79067779846398 5.298911713271088 6.580235065833698 9.096956814062146 1.5382776190239698 6.571346903560942 1.579121400603435 1.5955173811751955 1.1307364777833517 8.411057370230061 6.434716065807706 553.884726372807 8.414621366693758 3.2432272205938832 7.385294666025887 6.055315526846376 7.438515606849718 3.653290555142665 6.681170622422789 1.930056253489648 9.918071647104405 4.063346060651521 1.4878089315188578 6.712026239454886 4.347345159758403 2.2091571835473838 3.1253179989491464 7.984490360549065 5.700158350093306 7.049437800158256 2.808247504283992 2.963061772700433 8.248241638920717 9.386612857355505 5.3867165374327355
1.8248846564092593 2.5082085802934313 3.7841771879901236 3.9993613690448098 5.234129746962103 2.860408405206818 5.112643357513327 2.491607017077147 7.129969698981815 9.723312667735296 1.5656245671330762 6.964951378979966 4.872947666676376 8.995748291579154 3.752707891204115 4.258148982463029 6.536500619007291 9.652803826792642 1.5529456999143778 7.2682535425221815 9.04759831435763 1.1517378284604058 9.841142686677376 6.163217921035125 7.606298277016441 2.2412984675820757 3.4959464628653554 9.829904836526044 3.617154682991103 8.019453190784063 2.362157301211622 7.441569128127717 9.332163248318105 4.040179318427402 4.563579440107272 2.9475900212143986 8.215137895392001 2.5531968975403694 9.312049936210073 5.467053803547648 5.57250489360807 8.78095627628803 8.849553130339185 2.559286152995 7.966998280054819 3.4309209071025233 4.693318009426378 4.3910367159673545 1.3528926897209566 6.78187603513183 2.816590393655086 3.719847933722871 3.5416737810510415 6.199723638621645 7.311504205804479 4.017520766820736 2.6754569191785262 9.852902541113105 5.254593232704979 2.536793965636229 8.296959758006285 5.163620387820469 6.692611913575307 7.282368823079093 3.4987195047426916 6.949825746708218 8.954423454342544 7.415519292458649 3.08585227066009 8.581009604663464 5.778458406900031 7.547976978425902 6.834280549405508 5.2369702825389215 6.415076079947198 2.660499800620378 2.984766619941878 543.367999860232 7.246223941433739 5.764642164749193 9.020659559285082 5.9283265166038905 5.495626208706966 6.213747826601909 7.237031937022399 2.877605865535195 8.42371369201544 4.786173896427245 3.4122552383736795 4.432917045203781 2.171827617292977 1.8709336181681473 4.352035481233248 2.3004659414607307 5.327628702885956 9.35611918419277 5.034474502366809 6.469717316415498 5.678050271286786 2.398515215246572
1.1397950558250711 3.9440105301345136 1.7216207751716093 3.304251837026281 9.669467020245646 8.813934169982332 8.75060222915646 6.5600666117672315 3.2558686671633015 1.9868938114083854 8.535001315142772 9.168674603281707 4.9409708292384416 5.189144983189087 7.638738964404287 5.621154002945718 3.740310582973579 5.298497639899287 9.339101029513081 8.495167486409859 1.6133922171583657 1.214942340027536 3.598909095424987 8.72403302015993 2.9120774931777076 9.667363024643432 2.3651578108199853 2.6831010871106704 9.927076019369371 5.761944073089519 4.816060644971303 6.337369538594714 8.573822447443181 4.980081471963977 1.6088936377026732 4.700116842587455 8.685238566449653 9.669945641531426 3.1197812707861248 5.527003839538803 4.954197457395612 1.6033624824608408 7.11523447811276 7.025851323716308 5.279096919160917 9.188858469780085 4.532087217009 1.010144822419766 5.047525908634278 1.3249943340806292 9.28017836396046 6.555411401987911 7.83882913359815 1.942803949623205 7.07262763262008 7.411560820741719 9.091882038602776 7.331102341351086 5.355674779845171 8.405073971265614 6.947808692813408 5.09724847508382 9.54012479226183 7.988826034033535 2.3399502182622527 9.408193304184872 7.673029573376749 1.6246290940673644 9.997675528717805 7.184646062401009 6.1403028314249 9.507658539142207 4.742929116934718 7.761757745156765 6.826808071545477 7.679846454738914 3.318664494520271 9.580183597499879 572.2311024401956 9.226592792943729 3.0708950370141594 1.2625784449429536 1.625155802255318 7.241592466694499 6.738865474191186 6.535375849634538 5.600064227554491 6.686120649362607 8.30948765466742 6.637068331081048 1.4643330242645591 7.573517868775787 5.19696809256148 5.544929860575322 3.6821248069167156 2.7595589738072768 1.57284477990552 6.293921663505491 3.963136333902347 5.402752491042236
9.361614530749199 9.359154852572464 5.0658452448415785 8.343401244083182 5.256497697620506 8.449655430437364 3.536418697018906 9.572761244288888 8.186356243832293 7.825912232974138 6.359956053903908 9.16467313828187 5.363826263547615 2.0189535105884886 6.196272680043634 3.09163611782326 1.0502724790708122 5.774891304193063 4.407231932461304 6.750891716814267 6.278736699230234 2.505760649726301 9.652463645915493 8.670920062587566 5.989916602877739 4.130406499935104 4.800120787522379 9.058252666017983 6.760607625813038 7.898571484870537 6.19263079977223 2.2794746486550617 9.824609770299302 5.37937410711681 8.477428513748919 3.080744715157305 7.772741362400558 9.024018732501597 4.531249179858829 8.757791921783667 3.170878284542964 5.895196000832768 2.316455888613154 7.840499962951886 1.229816829887802 8.454011342055272 4.405124151304284 4.1052506160533735 2.33970273500509 2.7425504726731424 2.2747333109168175 6.295676665452387 8.917205049266993 7.494306542423912 5.031502953837234 5.944604983844384 3.5503989975303774 5.468975064995522 6.601047287671729 2.582826290301829 9.072659004111713 6.095714616289385 8.137825535106082 9.845511751055875 7.801943694142301 6.216788887631403 7.264839394223689 3.0073286320288655 2.665190723435259 5.0550584565396015 7.444655658932525 9.46676178433631 4.183968582871706 6.891977092656648 9.968832523282323 4.827713821849276 4.506233786627301 9.325980880297925 4.910549104827722 588.1226423354536 2.0046497862895913 4.331801086072465 9.015296020242397 7.9415668177042305 6.87513719546126 8.182596121984105 8.90097609934018 1.7374256649494804 2.291442675136968 1.5608907142568191 9.076188383130422 5.157112728654963 9.08927006470565 4.228997751333395 1.5321830186925962 4.0476984276579895 2.699446778723305 7.537727476333126 1.6584484773567225 8.095163337208987
5.32355113064971 7.683961820039328 3.276267103658134 6.289116413247944 6.684350703882769 5.59912716486622 9.660599487336953 2.8295631026785215 3.5318226762779332 9.200306333791016 1.7748501074169267 2.0981355002748034 6.6310642828128525 6.428247827144004 5.7723793590995 3.5945567026177767 2.064673476331609 5.80533028489299 2.6704086527249764 1.1634412608918805 6.989466815619157 6.678016223887514 3.0452333474718762 2.041240266003449 4.473589768021782 2.6961318640467757 6.185965438711473 4.724052944970848 1.5664776819532535 3.349140930581455 6.259554411140504 1.2555903730925726 3.475151768752034 7.231234839835735 9.18963743019489 1.2831036917602767 1.231229338801461 6.324064832391443 2.1993236837595838 5.893411176874569 6.790094780549651 4.0941987973012 5.814399424901374 7.162128204131862 5.943843721222969 6.072228486894655 4.930602646024089 1.9268398119784385 5.745116179207899 7.250167956370903 7.737762947761862 4.261104637113512 5.120584046188796 4.656324428527783 4.5830778833552035 8.726817761049421 6.129763077190448 7.106451430842198 6.539183445746996 1.6487045249411878 8.766069383515415 7.354884453775308 9.4462671029541 3.039713697667018 5.879442067739162 9.941791830410542 6.577344772652893 7.290474526317016 6.0232079910232486 7.963540025785273 8.79298572647029 7.032883040618485 6.015745000350098 8.025608411052431 1.0273568869178074 4.248207299769362 6.3434879740076635 6.18728189090848 1.0039388325884904 1.0722207504315884 537.007216962403 4.548600998300897 6.052395901060524 8.546350919858956 5.933414491166742 5.0482381157151135 3.5254201801513645 4.345549036919917 7.398647876511809 9.869196248768697 6.974812542523175 4.743905305100706 6.216737751417583 5.288174224255747 8.450735826046849 8.209378005748945 8.992421298816438 4.396001738914356 6.659804423677079 2.1388214003278883
1.7220486719266928 1.3100489159665747 9.389405614603763 9.03958865544109 8.234598198146484 9.184935874617606 4.167873798730428 3.891402136596398 9.710791224936807 6.088529324139652 5.463937421176635 3.511258465677515 3.358486275291306 1.0096042725640126 1.0681792090274564 6.037729695741046 4.836646772148613 2.809075552167091 1.074831044059886 4.618097094037724 1.644530477337932 1.2724671954412872 3.40765107646101 8.768216397356333 5.478676706113339 3.6057973483938284 7.810169911251267 1.9536711552194297 5.189112581654349 2.700681160392203 7.333188781381516 1.0222885522057217 6.457176374182689 7.020317001267364 7.375631601337159 1.5826692369506095 1.7287600266698664 9.861326094843253 9.813681630040644 6.486069033380269 8.854768419688366 6.213823400521201 1.989850992650199 9.59211610941806 7.288734162787286 4.852896404439126 5.727475807898004 6.830875051782752 1.0679694358327216 5.764940134593237 8.145187998957383 5.348538355905901 8.739829384039528 7.724197617666506 4.986961339117589 7.473453153740398 3.598393438894681 7.81191420880689 4.025107108808296 9.566528445546595 3.9881096719725813 7.451261470284663 1.8812749256023489 1.4322168522634295 8.649756285010413 1.169807935965339 6.0537420636558705 9.613991907379303 2.120514918113395 1.984001967433184 1.0542642682191508 6.452426141425123 8.956915565505778 1.1234773665288014 5.68936655653925 8.243807512822336 1.0987083122733807 5.4603004202945735 6.115790995751649 6.373492856145887 6.154329871725804 506.2925262128201 4.512534352229099 1.4320901365944958 2.397098375031648 3.4454227111388667 6.204594136111765 4.184850349401313 8.339889754798957 4.559545634692087 1.908240396897071 1.7197313070853748 8.422473412774337 6.473420494118314 3.2388552654181963 5.996732290540962 2.930186188402914 6.2893885077903136 1.59404864433673 6.684713427377862
9.205066830517461 3.1291618061919357 8.004944328968872 9.836585063221888 8.015808078870162 5.47915675941351 2.3546560038213906 4.780620519223492 8.085267271351487 3.5331225386111504 7.173622238730211 5.552686187979085 6.045640632013798 8.786904231035987 9.791880999414092 5.6647588918010054 6.421221469315585 9.220041176448756 7.7796041389416875 9.080492934292149 8.88905289222367 3.8917393321546445 4.869209414649941 3.8200688758068413 5.033256592601193 6.774885762565626 2.0951869418897484 1.1486599228226333 2.0008976778744656 9.761893410089847 3.0227046051782254 7.419645809116368 6.814485501341795 4.087189908453492 8.497060171672732 9.902508057608369 4.381910775958813 9.331551617847323 2.696954866716495 6.438111175489314 3.4050192304939344 7.445397817967094 8.279833849116777 5.305425361297816 8.432248307861235 9.650479039562516 9.006096320064763 4.43616353524338 7.650369525174443 7.254914124673278 2.776145546792943 8.387804102267708 9.054346435976365 9.44246443098329 8.829964817619839 5.901953478930901 7.245737439387031 5.947602978395843 3.2287521961253622 5.369445864043315 6.979350593670937 9.453806853498456 8.104333879481906 4.7038079747856045 4.710727712584987 3.581981589341501 2.2557149476840133 9.016176497008438 5.270887057952142 7.675687773667381 1.6699295224507382 3.4976846645908743 1.420964381137259 2.562930703109418 5.297700888337771 3.0370771054184886 3.558801922604462 3.026395451678912 5.72820425099724 8.299779136874752 1.3496327079662187 1.7800770238917556 597.8879905738706 5.506114250959763 5.8517741208259615 9.564812332426536 6.472441865105825 7.93890979805586 5.395870424525162 6.802908041161143 5.95010357594742 2.8461059883468423 5.724578033667992 7.775851797914359 9.578574429539588 1.9014660198477447 8.189495227972293 3.5853327516781808 6.391963901425965 7.916507541938323
2.442213921179439 4.836534396584476 4.685800942789619 4.957870586288053 2.357142735268879 3.4149719300595427 7.580067207570484 7.8281834165979305 5.6992297401719405 8.81586000597635 9.980237912783666 7.766568746678236 9.526011471112263 4.524880161243859 2.458644663775965 4.6394359480040155 9.285704140793813 7.256081545272792 4.344970155077236 3.7618487285064246 8.520312157884774 3.864536366880415 9.846926314760424 3.10059987350481 5.973629631675661 9.014802071691575 5.951395558650948 9.393594499753476 7.710488127824875 8.307764517928204 8.358795133779262 6.336528716415889 8.783727888049928 7.896504158930293 4.608302771046445 3.1191738178148594 7.625837258523615 2.2414371331404768 7.094398849799125 9.076415829876968 6.759979002295635 7.535333267664736 6.584860006258756 8.856441203565424 7.725366239099365 9.184304525219394 9.654662640010788 3.8277382075814463 3.1981517346687607 7.415039148609261 6.937862969213854 8.78304178105613 1.268795433177658 5.414670136679672 2.0439285879390665 7.305326178076653 1.6484078763640602 3.792580083187626 5.513054221999075 3.387408485881041 4.6278400567599505 5.73484005513922 4.8171997282752095 2.0905357602858863 1.4350986793863543 1.720911803858741 9.552458118173723 1.462603454226336 7.74789277283467 1.416105305345705 7.789527189047518 7.1340200653912165 7.684462564874882 8.165956147336576 7.440422249167773 3.094317139831685 8.949930512060046 6.711190256359181 5.877003166746552 1.978855424827367 8.613621158148423 8.770468124139997 5.3487312334600325 593.5499127458606 3.7557890693842717 6.449599856183919 8.469657805652648 8.429399208681069 4.8804498926722175 6.556413361716129 6.6153836041690575 7.912078917499258 7.510212927776831 9.079936479611854 8.203360438403134 1.1173084906330648 1.7412677497174718 2.058871626141089 6.29036515332473 3.3836752805182613
4.063766187104381 4.094705860792452 6.118065585735158 2.87078328572077 5.7657227697478675 4.147329011555408 2.1157856679105134 9.885550098855612 2.266684067499725 6.675143470430875 9.268666350338432 8.629917637798155 1.3218635907038825 4.09247762877259 3.9367739678580307 7.394424656584008 3.6875270100195943 8.50010618221306 1.0492895131707471 7.876050354459842 6.522475176629345 2.0604448910225326 1.1321511357228013 8.955085580114192 3.1287905237078415 9.715109478682283 1.3125602419778741 4.28625336138812 5.110710986755148 8.392760509430385 4.78209758227525 7.7734078236620645 4.4439035917005185 5.056605434734676 5.141292900037862 4.839136819370038 1.83511789251856 8.850147892191963 7.2828004668488715 1.2407819024974363 2.7692848560587104 8.7576570819855 4.897640280497342 7.966173015973176 7.0067070329248775 7.469877968371446 1.8156717893960792 4.000978938083056 3.7436940133962113 9.748162792698926 2.6982635322907704 1.3504902108576982 6.8554933095020525 7.6390952099972536 1.5661578081752152 9.553136685164095 8.718395458944599 4.624815533639019 7.289317802797513 3.35725338898966 2.737909246802323 4.530031310537895 2.2495014847754558 4.605223995550258 2.555227786371604 1.3973921963861764 6.12418482509457 4.570916294990349 5.230779028642345 2.081076484457 9.222131049993594 3.8906169439495426 9.697187753616815 7.165437080082599 1.7292047924038498 9.916766861924513 6.85014928837659 7.021594952512618 1.0462479618070009 1.6114020104718196 3.3949701824023357 3.996480529735013 3.326945444415399 8.679202508786695 517.4809937671329 3.601538592665664 9.58100718327604 5.7544058884833955 3.3688084264036537 6.023980554856151 7.92192129139958 6.624933516097246 9.939554052781412 4.740017421693583 9.95244371492796 5.71445345773545 1.696927987862304 3.783174131294838 3.9693343842272375 1.832033656454958
1.4804204388543887 5.119323639721125 1.7586821114169036 8.986425945296922 5.958491613986394 8.033199874482548 6.606478600488297 4.253113783977691 3.850448600888196 7.4017382663273645 7.397514964433344 8.496528268639267 2.904597618281267 9.965467689583475 6.5362711398482585 1.6641322873735769 5.742621948276755 7.61495585300845 1.2194996351270753 5.898429661743351 6.449795557336598 2.5757944702391193 7.996517554331127 6.279206608013974 8.143634788792275 6.561091301389951 8.446601326578651 1.8238477840991048 2.011389202171232 7.5728712055533265 5.458580450416999 3.0831683131151273 5.55242914357856 7.073596259350988 2.362705084310538 9.364019786849134 7.4252773782187145 3.8566049124078505 8.641959164533143 3.9329308024592655 6.6780073547099255 7.0167316021129365 7.257071660766528 5.421820090919965 5.048481422001282 5.0215843797927535 1.4573895372746588 1.2888821763096536 8.670098901497541 9.408996528038639 9.169156602639607 6.578246335114191 2.272879834009504 9.680987459443301 5.833561339320848 2.8638349431875882 3.902628952020266 6.524772329515205 8.45684711732344 7.7802596072775465 3.1813325060131827 3.917135340699056 3.4284573388283572 8.811072028140382 8.043444866083856 6.738071303872795 9.433297437076192 8.07974863074223 7.884205215325327 9.655978922841193 6.784160300266865 1.1626581072754714 8.693271616507618 1.6887245702323472 6.447878974295149 5.375357405535455 1.224479432041964 7.52887218652111 4.665542083066263 3.2487714423789034 8.399567378148054 9.483082524342972 1.2737922724757806 3.003509200519533 2.8041085227518288 561.188902959576 4.0521529144604385 3.5298761222587967 9.631350531211888 6.446732094704371 4.5395518816797775 6.598441174403894 3.5086715911227047 4.763174405998637 5.030316059486108 6.815379150798866 2.206945417175495 6.369885142785023 2.494347419572401 5.0796482606058575
8.824369414146393 9.065618274413335 3.62641282849627 9.078056866554938 9.978852568961525 7.4751555497244535 9.020672267028916 9.558477472733564 5.125077919908412 6.759034673798078 4.568246803311414 9.16847491179486 3.460412110268135 4.746372877656995 5.189537637091086 8.45026655194966 3.790916797510297 1.4217534980976958 6.906732004856137 9.464629006650197 2.2763218616189262 2.6192257318390606 7.9114802458335145 1.7954653259801634 9.328366887468908 7.945763601299596 8.039058699671244 6.263598616998027 9.076655743083164 6.150657049430572 4.374404379958117 4.839427150584641 2.7852801458556726 4.805318988726596 6.279422631593407 1.2013097486318927 3.552851750706931 9.735334156619244 8.784905449069925 4.23098023502426 9.70953112197253 2.6805000830648993 1.1364306048375665 8.704538489834388 5.424705692821956 5.422972030988901 8.505765522351819 6.136352675447336 7.276694515999892 4.402507777071699 2.5571279777930602 2.2242686755097125 1.9356871533136473 5.666782286329714 6.483127406528484 3.6267181911897906 7.9285581806589915 4.256476163977538 4.228410398266575 1.304679381452733 6.984779235535723 4.6283955794559635 8.051360517520306 3.863920169763661 2.1637238690299023 6.603605223240143 4.338653707402706 4.9418451766185765 8.24265420026995 9.947281623459387 6.203896131786783 7.75098714196479 7.00960773124423 4.220077841753774 3.478258039819784 7.045274462983758 5.337601502761999 6.011081744701336 2.0633546134140124 4.365061418275226 2.8149040036339787 1.3127652651738306 4.8002526513364545 5.600232372892264 1.8519810325291461 4.845783565968475 564.7421736719284 8.17437361602947 1.4360034228491367 8.006091956624548 6.069502757830511 6.483838015867032 8.819545853799777 8.576755643056071 6.6060660853935875 2.204917767893673 2.451368022969686 4.4516095173605965 8.767247983673077 8.047235235658109
5.385032245800572 1.5829703440244542 3.787086756033191 5.211339955779216 2.0985729906886776 4.522709312828572 8.701592518190255 4.710310108628622 7.316663366873011 4.344427175822716 1.5424681373007938 5.6233144379355675 2.330878399293656 9.14508650066707 2.8513601060667537 4.338765450757894 8.901633923724752 9.464143518843729 3.577490422497676 9.23498972303892 9.622843642734042 9.649319411266672 6.606484563204064 9.014742870859635 9.32918117795689 2.727767954037148 7.774585606906846 6.123887186894933 2.1031125627664373 8.50991951805265 9.22625652447625 2.4087382284368952 8.101576382264298 8.642347773896454 2.9139179083211175 7.384980470848597 4.04861282306383 6.5876279735339 2.091185495466326 1.5067759346205847 6.5712081566883995 2.6773363423621577 8.584405656072953 2.023522826980533 1.1708104878618408 8.492580905871801 1.1496414505434165 3.0728317354696224 6.474010693420118 3.5695526688931944 2.120320699115359 2.8189136722364476 3.33986892162906 2.367715723252631 7.187568213247048 9.036175964535088 1.4986673527115362 9.643316893029011 6.385354831092098 8.74318965513393 3.5882049531261386 4.684013866598434 6.74648626100381 4.124090741933108 3.588038724019523 7.97511543619743 8.539228616507739 7.976547481936086 5.1494090970086965 7.806422626855811 1.452038629434083 3.3030441759197666 6.576002964859489 2.19914114768781 1.1090074433592307 7.180339860324097 3.3800989201362857 6.02754629583002 9.836959591401202 6.6587838980438265 4.770371656335909 9.941933710831696 5.447866475157365 1.8617623377701467 6.893758202752017 3.8913574522873864 5.024868559463104 541.2251715443141 9.053181940677842 7.994722539107167 1.0405261915813924 3.3308766533583087 8.891827225367493 4.501212955701634 8.487999098502499 5.500666748591872 9.598028902373057 2.08423580661705 1.1059233841844212 6.88178701658424
1.8371050075909663 8.096678373494642 5.25758767136111 6.8890317608420135 8.143292941250513 3.914940619854214 4.172302403009022 9.6063631327056 8.719154046972836 1.3866626097090808 5.553406471259568 8.921511367271783 2.8108275341769167 8.085846876170262 9.712741251627616 8.54996547386215 2.9538597142102674 5.334012571303021 3.299215670386723 1.293210977857949 6.06672254557939 6.313370363786851 4.031546799783433 8.679523935641061 4.1838288319564585 3.4776620008571477 8.089434363665706 9.169968773256757 7.796831383370226 9.162328147253541 6.524093919196627 2.9007372576900448 5.068049009577229 6.312301609531891 8.40263122277031 3.4814919752989213 1.844138741802961 4.397489468254987 8.378716740583872 5.378412294348739 5.143733378408432 9.680997199182663 2.459131823491248 1.1859532567635092 8.530022861101 6.034756860527669 4.073561273723794 6.1445583475789025 6.203420680760326 1.396270220806922 1.5767637171911875 4.611400116131944 8.079435289185984 5.909848765116561 6.879954052388364 6.909216971693181 7.236760302755961 4.153319586670811 4.596974856600861 4.367016017707818 2.617439052148831 7.074578792002743 6.486208750729823 3.340080328653747 8.58451388620744 7.057648669948531 2.8387702062478914 6.866134626465059 5.77837463817004 4.169811268323107 4.185737908965953 1.9014649705830347 4.680998065062138 8.317696146015656 9.971266288773467 9.377292007197267 9.103192522997603 4.775106427037364 1.6397396392361676 5.718884770670442 7.693200730224476 9.643408266807679 5.364512173753665 7.351401836064977 5.4984925711034265 3.1784531913557803 5.636261692834293 8.230156778242957 582.4250162881932 8.16876632939115 6.704450132885875 5.948137566768424 4.935746768801447 1.2649507828789928 9.467434009306942 8.83688209431089 9.721867566911179 9.79540422990849 4.092511028383738 3.387119744977385
7.824693198685754 4.265739790048051 2.0453771932929232 5.470481982792994 7.980866607823737 7.3769930654209945 3.7376001932753757 7.4361326193870285 2.0889753499548807 7.879260454680352 8.20416728521175 2.1983752849636926 6.500277911523764 9.454048211026457 3.4995267197445368 5.551879493375544 8.318003850662782 9.841208626671271 5.92878963277262 1.688337138282459 9.888232330215828 5.585646762472136 2.2441234391840585 3.8717072162576844 5.573848955506831 8.339970305596378 4.3993478860141515 9.462374275861261 6.419710824875159 9.898197226627028 3.5826609826646925 6.600910424752599 3.955563718904799 5.357063349510565 5.603462435240678 3.5761333709887944 1.7792638870747304 1.695917826123514 6.537500799998677 5.8149223152570615 2.1172139353818182 9.078192034477365 7.14761948958391 3.191165119017413 5.978998301502318 1.81146102473134 5.963177937187167 5.545593861219097 9.040309475274727 7.507768553116052 2.3890755392357255 6.071558511952146 7.134730412242023 9.966423101140682 6.869145722895995 5.873841531078682 3.345859657090176 1.5653900308671718 7.752458657212751 7.2903557153753855 9.697851526671382 6.25236914416549 1.1559406290903351 4.695794797516527 5.6014745886825645 1.4326811388069036 5.258408788790973 7.6021161036196645 2.3477378819691186 7.7811383136216445 4.76840949287239 8.942084706429911 6.705183292438894 7.80232613970838 7.573912726887761 9.003716659402714 7.967795622630495 6.160470618133327 7.16829664763225 2.610954997623807 5.414448940282368 6.313571658584951 9.533156273928011 5.179839367691981 7.9296836757813205 1.0546307515925752 3.018613933510689 5.345092036730406 3.939160900921542 575.6247200233173 3.7940067598960376 4.075960639897198 9.414507326894306 9.625786301656408 1.5083481261301528 5.5203365869312275 2.6447022012964077 9.798593131626644 8.517314185523446 4.656645324005151
3.356032275001591 4.825139963679428 6.495080306292721 4.523452551580796 4.1394025385507245 3.699201772940971 8.186250249007848 3.5053079270472796 9.96793554056433 2.078669754692385 6.320444450035997 9.625502145219679 2.421429686036936 8.548593593961012 6.54725891123635 4.215751963547133 5.530978747969202 8.371262107312543 6.15190168572227 9.699280681940829 1.8896666859586637 6.973022233745686 9.31766152242349 8.200137684205963 4.389700913023468 9.099648833299591 4.436319809918656 9.82748863659079 6.840638708091343 2.485209493553685 3.5508886704173106 2.368661908778057 1.812835800654423 2.7564383177882483 4.822065703098942 5.620145445894183 4.67178948455304 8.069328906266044 1.4815690603076774 7.7233675829919815 5.151241235860815 4.9617612278560035 4.526334867970861 8.722183485602987 5.758935990258967 5.947591528341265 3.987772397551213 8.3017775810296 2.4723576301020973 8.52313721438029 3.5016585723830125 7.626346141925076 1.489044585128891 9.94248246050152 1.8671004165662806 4.006651619821342 7.48183239027946 7.912713089301231 2.903392371352693 2.2813410756131245 6.036459731125736 6.7325183917204665 9.860450497637775 6.487821399794569 3.96846253310054 1.994284838434457 3.549878281422677 9.654876180425614 4.757995189096066 2.9742736534491585 7.3507415041785 2.771232928499675 5.453548727171404 1.1606729058085072 5.2939596394244814 1.9108430218373842 9.291471647214994 3.790214548719207 4.188598497820346 9.596592700730508 6.094525284269686 4.18757246513977 2.793904810777546 5.177248713332619 1.2578887550119962 9.07492951166103 5.288823059468823 1.380737100582812 5.20405208209304 2.587069394626871 545.4341840832834 9.495213208738015 9.733394751844845 9.493229753976793 4.200589206029075 1.3569680307213234 9.99559369089968 6.182599490903993 2.815027553038203 7.845150303503489
7.505817846009672 8.930125921254188 8.832876566566384 8.248309766821706 2.7393420896704117 5.542882042287028 8.727181161759992 2.9113599002701536 8.791552578613336 1.4957959565703605 2.957445549846434 8.027507535593376 5.2395121298651794 6.745213192060296 1.8756620802602404 4.2149504323907525 6.739799782176744 1.4717951789054586 2.249334921992026 8.463386228374123 4.172479770261683 9.992020043470825 9.205004957175749 5.075085204836879 2.1438767047195273 2.260519691892269 3.5119804691674985 3.4107077845744467 5.748913295025499 2.7320272473307265 3.8588995098814993 7.898564007329708 9.187982968412719 5.90992000133407 4.8160351109352595 8.119616660808774 6.83443191290397 3.7734269722159963 5.809427939087527 2.759296511188273 9.282625539812509 6.267398528182754 4.035486950009903 5.105030642311976 8.54367346030285 4.579133082864814 9.483668101982447 4.171700616822765 5.130883310599543 3.5521435189307597 3.3252813519626034 7.470793065793546 3.757552306798054 5.424440548880462 1.7524987658815872 2.5303237297218937 1.3973455232099965 3.9651039999279076 5.918842558638165 6.9578098439072855 4.348901277096136 7.747490471523674 4.113518363693807 8.229996095457505 3.715988662110345 6.931921428937789 9.61995123420109 8.27263423673953 2.7262919270947172 2.636967843043988 4.193133182606276 3.8796063818394178 6.9834320429708585 3.6050024028873295 8.533895429467549 4.799401206707031 4.121032215783414 8.47162230280548 7.105099021236359 8.555329926144035 8.0405322651371 3.5463067646725746 8.653001202965777 1.3465758032176018 3.1371383145549494 5.126192940633271 8.69745441915416 9.574510379883424 1.4852839595076255 1.8879496902185093 9.208712985262368 540.5179001466879 6.670062202237695 3.0871116193059196 7.319285451107138 1.6099252004430022 5.410954531026222 3.28223536100025 3.8768164969713803 4.333387020019503
7.347266241456949 3.2236363043543608 2.41956189227719 8.861982161671692 2.7178751019238936 3.16038722116702 6.463243648694422 3.559616041129982 3.080083642289344 3.742384654668324 7.874065315278709 6.106594488821679 2.7495592767960924 5.073981648873643 1.1556424095457374 8.451699401485657 2.734457959613678 4.509229271839312 9.131634450488754 7.55703932665694 6.241241045151674 9.859574007543783 8.16110433474454 3.7304472166513323 2.3145189949920386 2.425435994103795 7.538339717542863 1.431641543116093 5.4908569018347535 3.9198506309883023 6.121088071648813 8.635909945058197 1.0504960588013976 8.336421507909245 9.936139644839637 4.668974975229061 2.6431393771023846 8.060139400108039 7.9207237118062395 2.405217200698 6.637583035694505 1.5720356700457154 3.8588523518475326 3.079551185863636 3.987821895469378 3.356637806074231 3.5377520809252467 5.708728336520601 2.4370634748642432 1.4637979151655338 7.623897641854293 8.947816026142295 8.990215555956635 7.474121726169271 2.84053201653037 9.619973888309323 5.0951447725657255 9.444779016726903 7.983255865277285 1.9585868866616818 3.452815836288697 1.7182051026819538 7.630218332011385 5.752877409752219 8.211737289605075 4.699431590398977 2.3366734335732318 7.502772231571023 4.844167940921521 9.051918697107931 7.354231139545907 2.1698271916020366 5.047224888453196 5.337046926568192 8.695178586857718 7.606846113320386 7.7333869707362135 8.641680184895304 4.866323194684373 1.0996819235294901 3.255900993230023 1.866087830042388 6.269711998191472 3.4688080123635894 5.2992195068906005 3.440659622916025 1.0342561101354453 4.2913931733973145 2.279195636272256 6.9900032900321065 1.3827072702147554 5.601291365350498 517.3473967896776 3.1642460332686495 6.850416798545483 2.680986578383938 7.7934952513027484 9.644827605953898 3.9823633317264147 3.6041521477335907
6.006937980412373 2.844181151290785 6.603553123208754 8.570928453074117 6.867533661546679 9.777586885707542 7.683442277411446 6.705411138012413 7.647075545408617 6.9533085136787225 7.349813144303311 4.1352703686935275 3.8626072353947998 3.640685981070829 1.3412171192552855 9.17997770430972 8.478297518078417 4.926383749306905 5.002804127726263 7.1731902888798915 2.863362637843559 9.097179028248728 2.145573467256178 4.44454910012813 8.5079686313302 1.9167783749456877 7.45570626269088 3.6634143880138477 4.225378103033085 7.46346420392468 4.312593753862243 6.913603895580233 3.8342182970936034 2.4992421037489216 7.402152131697299 3.6478670600575054 5.834848013728428 7.170280224162631 4.9148208580675 6.525766459540978 4.82488106379779 9.281353658223736 7.699080146585497 8.483717321948802 2.900608041084934 8.847366396382817 5.160815782761666 8.989215893738484 8.813426261611447 2.3397657133928327 8.932223583870023 9.504201138698019 1.6707458805363227 7.218383128193293 8.175082500236988 9.019539380279308 3.5526183957826323 9.903126258180615 2.67382215677366 2.7914834054919924 7.056778232727912 2.9669144473683975 5.12180787597652 4.462744586406829 4.24674117062363 8.505462451168164 5.911779704450213 2.824481248489545 9.097453885035499 7.635759523751588 3.3816742619713023 1.1039747809741254 8.25886491451887 1.7242975261347901 4.903955479073112 7.803024754449719 4.062296244703421 6.62168261609852 2.7404320785045266 6.621610152088099 1.9816855130206443 7.059858808329857 5.638716163105521 2.379243944888395 2.496977724752922 2.2320041338384673 8.893232791789153 9.668436590537922 3.172587783538564 1.0957983817987171 9.239822913772256 4.4602324972243075 9.278029812173303 569.2077794097855 4.7999120099692 3.815142375790092 9.200985310187438 6.3131575601452115 3.3321390600076075 4.280539825763724
9.685443983559386 4.8374861669772855 2.3387173150888048 8.556341373512225 3.791196241161125 4.220196755895659 3.640049009618892 8.248959801699964 7.711799632031755 8.259761508915393 9.110251053837942 7.647221439079528 3.3017493568556007 8.928520386173867 5.4114553000002195 6.053084235453982 4.5561436545329865 7.975137096367034 8.49027626866776 2.4082033722510072 7.604647183082733 1.6095132943276238 1.1421991106138196 5.699927840995853 1.0970837909275755 4.875377768995447 5.73644357595292 3.9975791745147684 6.799519442821852 9.425078748625559 8.644704861699108 6.89605504016158 5.934440371391059 4.067311790171125 6.771842187076938 5.450595587541774 2.1802759379147902 6.240614675080533 7.882773315539982 7.994101288383476 2.254951257160049 4.968516236620777 2.9684368200456333 2.407280411498647 7.026399144974777 4.329357845238378 6.6800853742416235 2.2741780616949328 2.970382391421178 2.0888908763590877 7.447057836441471 5.6716800612627205 6.277950061995755 3.307546547674436 1.018320441182011 9.049201500795537 9.945775057019798 8.576400188969316 5.018178371679453 1.0021673570824166 7.615420648232105 1.9545913183025458 8.021116529175707 2.0687399113768645 2.796057362662565 8.065327317107338 6.393603892804767 3.1754209554270454 9.186700584201228 4.02222295914061 8.381579871593203 3.6326626965560203 9.801058175910223 6.663597590256593 9.382250380711037 9.772882050862048 6.868380914251501 7.966634227321713 8.077540470896263 6.070750531030776 4.970769921827333 3.8577874761054685 2.087497408235655 2.0581682153267646 7.786515025471131 3.6479394940272423 1.0251481423168625 1.9124013631993986 6.583098085393357 2.0515402082476797 3.240789987143491 8.346699380672781 4.644040910613208 1.9050945453961277 542.5338493174794 6.379570696413279 6.831629839341249 4.625562637203585 5.710923831866802 2.524044895851073
1.1566474901483597 7.742451114906124 4.628858940261136 2.1246449004769747 1.8626584461525233 4.262686717225403 8.903173254477998 7.570385490699801 7.465224619463054 8.685810479924864 3.402311233659743 3.855292526424738 8.187822524931608 4.307859813195965 1.7343868070578063 7.711947855728032 1.845733166647773 8.044370731358672 6.7799848713654995 3.363647183512605 1.3069744088123318 1.9300510158915278 4.041541897395975 8.523096432379049 7.332785312412372 2.477993789096363 6.280290377570064 9.925862795624761 9.906682848241973 1.9290439982476422 5.0083790345119175 6.387027252943355 7.469423738394202 9.401558603322542 6.131828946994424 8.915637323476808 9.629914697342869 8.570480751834278 8.801633832036847 6.719193303075219 5.927470317599327 3.3079037692028526 3.3447878855927273 4.487048805463401 4.754124884367674 5.606489675686372 8.340004856324981 8.35858798593917 9.458046569265942 7.116628748901924 3.440296400331745 5.144076565518731 2.3001484324660817 1.207052837406861 5.200980957894146 1.8045159153571408 7.3680656718960895 4.010783677059222 9.414561248101837 6.843601026788347 2.2032474706936207 1.091916383094099 7.1819086072998735 1.4855856420306364 4.206370468306027 4.623595033882631 5.18519750444681 9.072303733305207 5.983741806871662 4.262448915121443 5.813262300959415 2.821633835369882 3.8157953117811987 7.821747330787546 6.467428955079108 2.7973486965589682 8.136475746044704 6.157605850354714 2.1826550364059254 6.960917475548351 5.362893015520134 6.677821683401498 3.06924908620028 8.32455405330357 6.279748690238836 9.756776048265252 9.313929322590672 9.523869651815218 6.392776368955541 8.327437624753228 6.514730717495976 8.358759954276298 6.32963646807857 6.025021911284054 2.278562158485542 573.5641545549086 3.8235347573601013 8.387837872982482 6.976034167744679 7.138520189157231
6.628305536462056 8.532747242379013 5.038107317060815 6.566601982548103 8.434620106783546 5.401069374193244 2.213381863543587 3.7441083605674237 5.411601998035143 9.401014104783599 1.1548720941852175 8.169857553525244 6.21901113671378 1.0232385398037984 9.376551806370669 9.321912990351965 1.3675383895196866 9.527914316291055 2.6240152713481946 8.2650650004047 7.523739047484902 4.294290508327014 8.197920667242553 9.462476582221404 2.582784575481705 8.540672396595198 1.1882184851802955 9.083222829671474 9.628895558077726 9.717120588062025 1.3421520267481706 1.220170359585421 1.9792508223675775 3.6966992132170438 9.351386335651851 5.455343218827947 7.240698583403637 7.96329307938689 7.098591539413939 4.413477472566216 3.037948272363495 8.537552434258563 8.088501812962154 4.493838309471532 6.978578493413568 3.424439237106824 1.679337061840902 4.963825916149085 9.387700398159671 8.845048113515201 4.64191456128532 9.625381455695537 8.499939848984434 1.4148427978129803 7.139550200618883 3.925905793853917 9.194312074351592 1.3429283435005088 5.276913111544417 8.916842648990613 1.0912827380014032 8.384789725535814 7.327762218069041 2.6823186429253676 7.1432272650544055 7.702096025615614 5.621313512740551 3.010216676765795 8.720593372201302 2.0436319656810356 7.858743988532908 8.869912710749134 9.495238148752852 7.601260961266297 5.959686280637074 1.103503810157867 8.487452208192275 6.765873687990887 3.932276668987785 2.260879067516351 1.7482575608841917 9.758764145868959 2.333686974941223 3.4668150431768336 3.660806787826809 4.306213565901368 8.741058592494879 5.093610275354796 9.259451532363034 7.287657468483005 5.620727264893334 5.293439475918501 8.168362358696797 4.389436338889238 3.994371907724765 3.508175364788426 571.3256639535682 2.0833010011467192 1.920489269186025 3.6813882737609878
3.159135376256982 7.401059140009664 2.1185559898177666 8.126381449390621 6.121755647051722 1.7371526646753694 4.485839815098155 5.727398433978737 6.798598969622034 6.903512857067695 4.401924828849648 4.078422543180304 9.883257820344669 2.295857841046752 6.5652057643155874 7.803426598951517 5.477194987932975 8.795377100152217 8.093948745873831 7.127092138262921 1.5297857231683798 8.514481954288495 4.692644697117505 3.877817258924051 9.69625785443609 5.783025233845974 5.575200181633541 8.941566514203494 2.1324476570348088 5.941252025211104 1.3612655260291997 5.259931773411573 2.4333372371940856 6.861176452438705 6.362380657459838 3.9613894541327745 9.429714132539557 3.306312977192338 3.5537894006750603 2.4993435400438924 4.050211109216946 6.059147295945884 3.472846380437609 7.304128643743294 7.986445155644467 2.6909975510284565 5.123463503056233 2.995475108930589 4.558509664230495 6.319081719405347 8.578925754248848 4.524434640709311 4.44664407736758 7.349426868995687 5.555352621182852 4.084928917329691 9.25472135808779 8.408476450585614 1.2198419913219238 1.7693220050866307 6.217831713781574 7.732747140580366 2.7268732897747565 3.298985285075971 8.377596528486235 7.047408035195981 6.662639337462949 5.569992471652371 1.4614553485465331 7.071165008439052 2.537195350118399 8.868453821118699 3.14885749640153 1.0677600837871926 2.9962526739532502 3.17193268973363 6.565194588058885 4.595661094036831 9.777641088325314 4.408710516066165 4.774728964317898 3.3157999257486295 8.664256926130115 1.2243635597396292 1.7892211046144433 4.752192582216178 6.924663911677006 2.5352726596081796 2.0851610715209676 3.943625324239907 1.1923706557402654 9.023999184270155 9.536210925879836 3.2601282965726672 9.310271324596721 2.7199996059190963 5.343194522506514 516.7374162665855 4.8738026475757845 1.296567944964226
3.726907920688084 1.384696902596047 1.924391081160337 9.269553642573484 4.435403625259937 2.368694533236022 6.632128009011301 6.320840515411241 9.65107262724653 9.295912012063956 3.6356978911687374 7.91706786717582 8.951813350120297 3.1149135510185513 8.96986176646369 4.4557216744488155 7.100246515145022 6.6979894234225155 3.575833658896224 7.306711497078525 9.773466728386605 6.529834144642662 6.355575766309611 5.6809857748916945 6.672863701753578 7.1950995385326735 6.758050507501143 6.368298905627953 2.069572710365101 1.5205557844167137 6.832320194569851 7.050881038133068 4.928986912035625 9.09636816557722 9.760469887471578 1.5700777390408958 8.539907055284441 4.259985488256278 8.028290933636857 4.337838877939312 3.280306809104175 7.533852541718275 5.458061019911467 4.513072609651275 2.6933158821867087 8.241527321780188 2.171907349877581 6.897067805422119 3.0143653080764445 7.593105563608711 9.395651457253742 7.88767964035008 7.815778226538436 5.334743538094877 5.633383488915512 9.759792526883825 6.83121861468854 8.029872483165391 2.4699464601996257 5.168256262143882 7.6171884120680735 1.7858406012997223 5.37875079459736 5.745619860761687 6.189690173699789 3.54753929387693 1.2968439952892048 4.960134410660817 2.629180156505849 6.293849327142024 5.376332558127456 7.646957319368628 8.21270546145452 9.478329981610756 7.2322416449283 7.105261944407702 9.207665252684349 6.089338038411274 6.310297216695037 2.9175571798435858 5.641914910244714 4.606787130350631 6.798945530475987 7.7443488184609395 4.741514143275772 8.091645983452015 5.7404593517956 7.428107056994756 5.130014574189197 1.1603272647699927 6.051488309144105 7.389172186283113 6.9541609166005 8.768073678966205 5.306428624762382 1.2805838615756158 6.025910650603741 8.783293842162529 595.2287313837774 9.877113163465207
5.7582393934574885 6.655648661343725 9.196795855332043 6.087269512616266 6.991964635020578 2.111439441171198 1.4966466525955715 8.824114216182961 6.651071625109981 6.482958580280556 3.794857141425763 7.773744989970777 9.623242123511112 9.805306126622892 5.762747081307368 3.780469283981265 4.630888774901212 3.8205263034952512 7.8506392652943475 1.1169266064237875 3.58146849269532 6.778850745197855 5.326019284678381 6.402888152172763 1.6176680066204732 5.275934882077857 5.574204079795526 1.3499147579404527 3.256406754852954 6.473105077943325 3.3856002603985296 1.5291494346766292 6.072563902582393 9.931716670359 1.8085795715664208 6.812310325491104 6.815802140758175 5.07131803590878 5.919973017717601 3.142270265440847 6.076645508373673 1.406542605801456 9.115870352781497 5.143152033507835 2.1081423195812197 5.454312855243233 7.712692062929141 7.8351403269454 9.939972757720563 4.5175246998788054 4.70211691657694 9.16960399680633 6.80277323000239 6.482890389700089 9.612980790641622 9.071213680203964 6.73501535944799 4.020812012925268 2.716153512574612 8.971310606053315 1.6119089440060028 2.5422249821690817 1.3051665724865087 6.5191483351392545 6.1341610139365415 5.380762039264063 4.231434500409216 6.307623636298224 6.878905513690088 1.9646650767768765 2.7625928022784114 9.811801724065118 3.705124325066727 8.194419654289911 3.9640056706425346 5.4082098388619535 2.9373857041696008 6.520018125586116 7.410577978147921 5.0933347437988035 7.058708380568347 9.190346854802678 2.972984331425095 4.941982369363518 3.5956170170645554 6.60479961813469 6.878166543570424 6.704210119459722 9.276215354531729 9.736372497957536 9.084305120945086 1.7429866352819081 7.337009675625595 5.21697434362965 4.131042767171147 1.1490217269228957 9.645909619838509 5.285078681424623 9.626512234594662 563.4282927038407
